0,35.811,1375,40.556,1291.7,44.914,1428.4,38.209,1594,45.495,1313,40.741,1331.8,50.137,1525.2,39.188,1648.1,42.105,1468.2,47.492,2064.6,43.572,1694.6
302,31.16,1434.7,42.869,1336.9,40.071,1518,37.685,1555.8,52.771,1418.6,40.319,1370.7,43.828,1555.3,39.166,1746.1,39.55,1494.5,44.362,2112.9,41.877,1748.2
602,27.989,1286.6,38.054,1220.7,36.069,1356.3,33.593,1420.8,49.777,1308,35.789,1229.1,40.914,1406.4,38.198,1583.5,38.969,1336.3,42.839,1902.3,40.329,1612.8
902,29.901,1616.3,32.592,1489.2,31.257,1653,32.423,1717.6,49.005,1645.8,34.632,1587.4,34.938,1764.7,37.793,2091.8,41.204,1718,41.603,2314.6,37.548,2085.5
1203,31.728,1036,38.237,984.09,38.844,1135.4,36.751,1127,51.516,1198.7,37.719,1151.4,45.025,1216.7,38.968,1400,38.561,1128,42.125,1535.4,41.962,1353.1
1503,23.418,1265.5,26.611,1213.3,25.659,1374,25.732,1315.5,43.155,1300,27.484,1299.1,34.499,1376.1,30.649,1619.8,30.934,1388.1,35.573,1879,32.563,1613.5
1802,36.16,987.73,39.86,948.04,41.194,1094.6,44.195,1012.7,55.444,1128.3,41.737,1116.5,53.552,1190.1,36.793,1421.5,45.109,1099.6,50.959,1446.8,45.146,1217
2102,32.054,1141.4,35.505,1107,41.063,1298.3,35.65,1192.7,51.425,1186.4,36.819,1233.5,45.384,1273.9,44.075,1519.6,42.791,1332,46.977,1742,41.636,1403.4
2402,38.379,1153,38.134,1074.2,42.563,1251.6,40.64,1159.5,54.709,1157.7,44.051,1216.8,45.555,1232.6,36.684,1484.7,47.354,1313.5,53.119,1736.9,41.014,1355.1
2703,55.993,978.83,50.715,891.61,61.406,1046.8,58.888,971.42,60.023,982.81,69.265,1106.1,53.825,1103.3,45.974,1263.7,56.013,1116.2,69.934,1475.5,52.017,1195
3003,85.1,994.45,70.846,907.72,101,1055.6,93.13,962.66,78.511,1033.3,119.39,1099.5,82.68,1099.5,64.196,1273.7,86.272,1142.3,100.96,1493.1,77.838,1279.3
3302,116.58,779.67,107.96,677.25,133.47,839.73,111.85,726.73,105.18,871.5,168.4,935.35,113.88,917.66,77.602,1046.2,110.67,850.32,127.93,1099,98.556,956.86
3602,201.68,1119.8,180.61,967.42,201.15,1138.8,174.22,992.46,158.87,1029.4,266.99,1183.7,166.14,1139.7,130.11,1360.4,151.11,1212.7,179.24,1572.4,154.73,1361.9
3903,255.79,847.93,264.43,752.71,262.02,882.72,215.33,758.95,205.11,827.88,353.84,923.13,230.11,899.15,178.1,1045.4,204.58,919.26,230.14,1154.5,194.04,1001
4203,267.06,918.04,295.42,823.35,263.98,930.19,220.38,816.65,224.44,856.77,402.45,956.16,256.81,945.04,199.66,1187.1,198.22,1009.3,232.17,1269.2,181.05,1075.4
4502,398.35,750.45,498.13,657.12,394.8,760.22,313.02,679.55,314.9,751.12,566.29,808.55,384.24,817.43,306.39,968.98,299.4,844.27,370.17,1040.2,260.78,826.63
4803,447.56,778.85,596.42,685.65,455.56,835.89,377.26,748.77,350.91,722.2,650.91,827.17,442.52,834.68,367.41,1041.7,341.9,896.09,459.51,1137.8,295.25,893.7
5104,575.31,734.7,759.27,619.46,596.16,813.79,517.43,717.79,419.3,690.66,809.16,784.7,538.99,781.5,474.04,1001.3,429.75,870.54,590.69,1064.8,375.93,858.08
5403,669.55,629.48,903.73,527.91,656.22,659.27,588.01,598.52,457.65,558.6,851.69,650.06,586.28,622.29,537.36,828.71,471.27,731.58,684.41,873.17,436.35,757.53
5702,903.31,682.26,1216.1,574.07,858.95,709.31,791.43,649.12,619.4,595.24,1119.8,698.87,827.5,685.36,748.18,910.47,610.42,814.82,905.28,956.51,571.2,817.29
6003,798.79,541.99,1048.7,456.97,703.1,538.27,761.12,542.05,527.43,473.01,913.5,554.25,677.92,543.79,627.12,725.89,539.75,634.49,816.72,759.34,519.37,655.58
6303,981.78,559.19,1319.4,477.65,958.43,627.36,985.72,566.88,715.76,526.77,1147.9,592.62,880.84,604.41,799.65,762.04,694.35,702.19,990.31,778.17,638.55,681.76
6603,944.61,541.97,1306.3,472.16,916.15,620.97,999.11,563.15,764.98,548.37,1148.4,605.05,939.39,633.03,803.86,785.22,700.86,715.17,1002.3,773.16,654.68,706.14
6903,664.74,314.88,858.4,259.12,664.77,364.35,680.57,308.94,377.43,261.64,590.05,301.24,472.95,297.23,319.96,291.7,410.17,377.64,669.81,421.78,426.47,372.64
7202,608.16,271.94,855.4,241.44,693.36,358.89,691.56,265.16,351.35,209.47,558.16,251.72,473.11,232.75,435.37,321.49,457.09,388.67,633.34,368.15,364.15,312.82
7502,787.37,300.7,969.44,236.34,785.16,362.82,873.11,281.1,374.85,205.77,595.88,245.72,508.05,236.24,479.85,317.22,431.36,327.13,646.84,331.34,418.45,316.55
7802,629.78,201.43,870.32,174.72,699.79,270.48,874.52,219.22,381.1,178.15,559.47,198.15,456.7,182.28,470.98,247.53,396.34,257.76,600.55,237.63,471.2,283.14
8103,835.61,311.72,1001.6,244.83,846.38,392.98,1091.3,321.12,391.22,209.13,754.31,290.82,662.03,286.36,632.85,376.93,503.42,399.34,787.58,364.68,539.76,436.97
8402,710.17,193.71,911.93,160.59,780.93,272.18,1031.4,210.21,443.37,179.17,560.86,176.82,487.26,176.85,495.4,238.49,422.9,237.9,720.51,222.72,460.77,260.56
8702,848.35,238.19,1152.2,202.38,853.85,303.38,1321.5,257.19,517.5,217.77,692.27,220.7,603.3,211.92,599.18,282.14,538.54,307.76,898.84,280.67,584.41,340.06
9002,522.31,150.76,789.66,145.78,496.46,179.3,900.36,177.91,317.69,143.27,457.46,149.19,414.17,147.65,386.13,189.94,371.23,216.94,550.68,178.02,385.65,238.04
9302,335.2,105.21,591.58,112.54,357.63,144.64,656.63,128.12,226.46,109.9,265.56,95.092,200.77,63.401,225.09,114.78,320.23,193.08,396.4,139.02,292.34,180.68
9603,215.85,78.666,432.71,92.715,225.12,105.51,427.75,94.618,189.84,98.787,116.4,63.801,177.78,69.798,166.11,86.654,203.4,139.52,264.98,104.67,270.34,173.93
9902,643.59,254.57,1004.9,229.38,684.8,347.24,923.41,214.44,522.46,255.85,546.81,232.07,562.57,236.23,511.47,302.43,468.92,367.96,693.77,270.17,526.04,431.96
10203,378.65,126.12,664.39,117.72,461.03,182.73,568.29,108.97,266.61,129.15,398.92,142.21,349.46,129.33,303.08,145.88,348.71,209.97,517.33,143.89,425.91,247.88
10502,329.8,143.56,547.53,124.68,332.87,172.95,441.09,107.86,248.18,133.7,204.83,103.43,286.93,125.47,232.52,146.11,245.88,204.69,427.81,151.47,352.34,264.93
10802,673.16,197.16,1220.1,160.49,699.89,233.82,971.92,140.45,407.67,168.25,551.01,190.19,546.39,152.99,451.03,194.41,486.95,267.95,865.47,180.2,614.56,304.02
11102,671.53,211.55,1328.8,177.19,593.16,215.72,1046.7,154.74,387.05,169.15,475.64,168.8,429.02,150.3,449.51,197.65,510.1,297.92,996.18,204.82,680.58,344.73
11403,610.03,230.54,1348.6,198.58,661.33,257.95,989.89,164.28,377.98,168.78,461.73,171.91,534.25,174.8,441.88,209.66,495.34,323.21,970.75,206.69,671.56,377.12
11702,314.95,98.32,799.19,104.23,348.74,117.1,511.83,76.71,202.62,85.916,220.13,76.869,279.27,86.874,239.55,100.61,259.91,152.62,530.75,100.9,436.49,203.33
12003,326.71,155.1,817.45,149.76,457.26,222.96,545.69,114.37,283.28,155.18,280.13,131.75,278.78,129.65,267.56,144.82,311.42,238.96,676.35,166.73,442.87,302.83
12304,612.2,201.43,1773.6,200,858.61,322.83,1459.2,187.22,603.82,236.95,689.69,225.87,715.47,234.26,607.25,256.01,662.06,352.62,1401,216.63,809.71,392.99
12603,546.37,209.38,1503.6,184.12,716.34,279.1,1161.9,169.04,434.5,179.65,531.07,171.62,569.62,190.21,491.95,221.66,456.48,279.06,1192.3,202.74,654.1,355.4
12902,364.74,197.19,904.67,168.51,458.98,261.41,744.96,150.32,348.89,176.02,353.39,158.09,391.91,172.25,324.71,196.37,309.47,271.84,760,189.63,393.27,327.24
13202,448.6,161.02,1189.9,133.57,513.01,193.96,805.25,112.32,348.34,140.51,386.58,123.95,412.6,134.15,359.7,147.15,342.68,199.29,880.03,135.52,437.66,228.06
13502,409.29,183.6,1173.8,149.68,433.3,203.93,566.82,107.38,378.24,163.59,417.59,156.34,375.98,150.86,314.63,155.01,314.75,224.25,754.15,147.61,420.63,254.76
13803,191.38,81.684,572.99,77.324,152.95,84.441,233.72,52.828,127.98,76.84,193.53,76.82,122.72,56.805,119,69.748,150.1,105.04,378.39,79.001,175.17,113.14
14102,151.06,101.51,578.11,109.68,140.32,105.68,236.05,69.906,148.7,96.184,198.54,107.21,129.64,73.58,128.22,91.279,127.98,136.22,226.19,87.056,258.83,215.31
14402,321.57,132.66,1534.2,154.76,547.15,210.08,835.29,114.61,395.61,148.24,519.47,175.56,424.34,131.31,311.99,126.93,321.68,202.53,693.4,118.57,566.94,304.99
14703,133.67,69.365,729.02,89.571,316.79,131.86,416.41,70.803,163.61,82.751,232.72,92.164,162.34,62.888,115.14,63.052,142.25,117,273.28,73.487,285.64,166.84
15003,201.26,117.37,649.19,114.76,293.49,166.29,378.41,92.66,150.03,105.66,216.35,119.44,108.36,88.772,158.62,102.78,205.17,174.63,289.71,90.554,263.47,209.62
15303,581.35,226.82,2071.8,200.7,1002.8,356.71,1250.1,167.4,648.82,227.48,700.24,246.81,690.77,211.55,540.07,211.14,592.06,365.73,1500.3,194.75,687.91,385.32
15602,1141.7,330.18,4026.2,275.85,2089.5,576.25,2916,259.88,1689.5,411.73,1694.8,441.93,1757.9,409.53,1451.8,397.02,1257.4,549.47,2979.6,261.22,1195.5,500.39
15903,1228,395.35,4382.9,334.9,2360.1,698.73,3020.9,306.18,1708.4,463.33,1789.4,508.3,1750.1,460.17,1512.7,456.49,1317.8,671.55,3228.5,314.64,1363.2,633.1
16203,1100.8,426.63,4015.3,364.84,2161.9,786.21,2752.3,331.97,1702.9,526,1821.5,573.01,1733.5,531.56,1431.2,531.98,1227.5,740.76,3099.5,354.55,1218.2,705.58
16502,1278.1,316.34,4637.4,272.32,2543.6,620.41,3111.3,252.15,1777.1,427.47,1937.4,465.84,1981.4,431.96,1540.5,389.09,1343.4,555.67,3406.8,263.66,1453.2,540.55
16803,1142,400.14,3985,339.77,2283.3,773.95,2836.1,310.8,1698.9,505.29,1905.8,569.27,1890.2,518.48,1416.4,482.19,1220.4,711.84,3033,326.75,1265.6,687.5
17102,1243.9,421.7,4249.1,328.71,2407.1,792.41,2995.2,315.25,1703.9,501.08,2010,584.76,1933.9,533.83,1445.4,494.48,1240.9,724.94,3286.5,328.71,1412,717.03
17404,1155.8,282.2,4006.3,222.86,2270.1,545.74,2648.6,215.31,1462.7,355.94,1808.5,421.42,1770.9,362.79,1272.3,320.99,1096,464.44,3050.8,221.66,1337.6,487.11
17702,1188,343.57,4127.9,271.96,2340.3,675.57,2704.5,258.24,1451.8,401.06,1846.1,491.18,1764.9,405.41,1266,376,1173.9,581.94,3144,271.89,1420.8,611.98
18002,1298.2,303.16,4312.8,247.95,2449.6,633.28,2904.5,236.59,1492.4,382.69,1958.2,471.44,1938.9,394.53,1328.3,365.94,1250.8,529.76,3400,250.78,1463.2,536.47
18302,1149.4,346.98,3428,275.06,2068.8,729.58,2550.3,273.08,1470.5,448.66,1821.4,521.13,1804,440.14,1221.5,414.82,983.94,606.9,2734,279.4,1150.3,626.27
18602,1332.6,363.21,4361.2,298.54,2441.7,768.6,3078.2,285.45,1628.3,478.35,2010.1,542.66,2103.7,459.27,1391.4,459.99,1199.6,640.62,3560.3,300.41,1446,641.12
18903,1286.4,296.42,3905.6,248.45,2192,648.9,2704.9,228.59,1398.4,406.29,1784,464.21,1857.3,380.51,1214.4,378.78,1048.7,523.08,3172.9,247.75,1292.9,532.22
19202,1512,380.56,4675.5,319.13,2488.8,816.3,3222.3,283.23,1607.6,508.25,2049.8,572.77,2147,453.16,1438.8,489.22,1214.9,705.6,3878.4,320.2,1562.4,716.12
19503,1301,412.66,3886.8,326.71,2004.6,824.26,2679.9,282.56,1364.3,517.51,1739.4,605.82,1835,478.59,1188.4,515.07,1056.1,776.41,3300,328.09,1300,766.04
19803,1229.3,301.61,3571.8,245.33,1790.4,622.35,2483.9,214.83,1232.3,428.07,1558.2,478.75,1582.7,346.37,1046.4,384.37,937.39,563.36,2956.6,230.57,1196.4,566.72
20102,1349.1,365.16,4048.3,295.32,1998.4,748.51,2950.2,248.44,1398.9,550.67,1765.8,587.65,1855.5,414.47,1198.2,463.43,1057.8,710.29,3426.1,276.83,1368.3,728.22
20404,1236.4,332.9,3634.2,254.38,1767.1,666.41,2608.5,214.96,1211.9,510.18,1547.7,541.49,1575.4,375.23,1048.3,416.95,911.8,605.02,2970.3,236.63,1194.6,640.16
20702,1013.1,401.59,2680.2,285.52,1387.6,785.76,2133.8,241.73,1055.5,582.64,1344.1,637.99,1368.1,441.16,829.22,499.11,724.84,753.41,2311.2,281.61,929.79,801.55
21002,1238.6,433.03,3709.2,329.18,1696.5,829.01,2732.9,256.38,1290.4,686.01,1585.2,706.8,1756.5,502.06,1069.1,567.02,923.53,860.25,3027.8,302.41,1170,890.87
21303,933.78,352.87,2822.8,270.98,1297.4,699.91,1998.6,210.69,943.72,598.65,1201.5,637.84,1299.5,430.22,759.52,469.79,705.59,714.79,2473.6,253.87,871.98,730.59
21602,1028.9,483.14,3006.5,342.59,1347,879.05,2292.4,279.96,980.08,788.57,1277.2,854.53,1394.7,591.14,838.65,659.31,760.59,963.01,2699.4,334.38,947.22,996.62
21902,837.61,478.85,2399.9,342.92,1067.2,870,1712.5,257.82,709.29,693.75,992.93,817.59,1058.7,560.18,618.37,610.08,583.92,932.13,2051.1,306.72,698.44,963.65
22202,804.77,365.83,2437.9,268.58,1072.8,702.71,1739.5,208.36,649.74,573.35,904.75,661.95,981.03,429.34,608.99,472.18,570.42,761.21,1984.3,232.16,683.74,757.4
22502,689.46,504.41,1983.4,350.05,872.93,885.47,1518.8,291.71,639.84,764.58,858.88,837.93,926.96,593.08,544.36,669.11,530.82,1066.7,1712.2,318.66,562.02,1016.7
22803,667.76,517.56,2100.7,359.66,869.6,913.17,1507.1,296.81,607.06,808.1,791.06,833.9,871.67,609.28,494.95,696.71,507.4,1069.4,1785.3,317.18,553.46,1030
23102,609.38,399.48,1886.9,277.48,763.06,706.31,1347.7,238.58,555.86,702.54,686.42,688.46,725.12,483.76,465.95,577.5,437.34,793.32,1611.6,247.15,492.17,773.39
23403,611.02,492.13,1862.9,339.13,735.97,827.57,1332.7,288.27,514.29,810.74,634.02,792,715.39,595.28,441.85,692.45,420.1,951.97,1589.9,307.09,464.56,919.13
23703,577.84,504.64,1690.2,333.33,623.09,802.14,1209.2,279.92,465.3,810.66,590.87,802.09,632.67,579.52,390.79,684.28,396.76,919.04,1468.6,302.46,418.17,919.9
24003,481.21,602.63,1340.7,391.57,509.52,939.12,1033.5,337.16,398,977.2,503.95,915.1,558.67,682.73,332.68,813.69,300.24,1075.1,1160.5,358.65,302.5,1122.3
24303,497.4,648.59,1505.2,422.77,497.56,979.97,1104.9,375.95,418.14,1100.1,509,991.22,558.87,780.59,329.26,916.62,331.63,1163.9,1308.3,382.38,323.7,1227.8
24602,544.73,573.03,1732.2,376.96,553.2,872.23,1226.3,327.14,394.12,1002.7,486.08,889.95,556.21,689.09,347.4,789.63,350.97,1051.6,1492.8,338.41,340.89,1042.7
24903,531.8,581.43,1681.2,377.95,541.74,898.57,1191.4,330.69,349.09,952.72,471.48,871.23,528.71,705.62,339,812.03,318.03,1043.6,1464.9,347.04,300.42,1028.8
25203,536.07,554.83,1715.5,355.12,497.69,851.5,1169,309.49,331.52,912.79,411.29,823.69,466.51,663.55,312.57,778.37,309.06,990.11,1480.6,331.32,275.28,990.42
25503,539.72,555.38,1779.7,364.01,478.91,862.22,1242.1,326.97,341.2,989.45,393.53,876.27,466.17,695.53,317.33,823.35,323.72,1041.7,1574.8,343.4,265.74,1039.3
25802,646.41,662.37,2134.6,439.68,533.66,1038.5,1424.6,383.25,379.58,1175,441.07,1055.8,515.9,829.92,368.85,1020.6,352.77,1300.7,1893.4,435.16,281.99,1323.8
26103,673.98,526.46,2149.3,343.9,523.22,829.69,1471.1,310.7,365.05,1023.6,387.28,940.41,464.11,685.11,351.21,804.72,341.75,1027.7,1902.4,351.11,255.96,1061.1
26403,659.1,514.04,1987.3,322.17,492.5,802.4,1270.4,279.6,340.21,912.99,331.19,867.64,401.13,602.1,302.81,710.08,304.6,966.24,1757.9,331.48,258.17,1091.7
26703,811.61,573.05,2349.7,352.84,552.05,879.59,1605.6,325.42,440.18,1056.6,383.22,983.54,506.27,714.98,377.96,834.94,365.34,1097.4,2151.3,380.66,291.46,1245.3
27004,805.11,517.88,2208.4,323.88,499.94,800.09,1505.2,299.14,425.55,990.33,350.85,965.35,472.67,650.97,342.16,763.16,355.12,1041.3,2159.8,353.43,268.12,1138.2
27303,693.07,509.32,1500,303.25,415.9,767.81,1142,280.71,345.54,881.63,286.39,929.2,383.36,632.02,288.52,719.97,253.62,986.09,1471.4,329.65,213.78,1158.7
27603,875,390.81,2064.6,231.24,533.81,608.85,1434.2,218.41,434.68,741.35,344.72,827.33,466.08,530.85,348.74,566.62,366.45,735.25,2184.8,264.22,284.47,888
27902,989.28,369.56,2212.1,231.57,577.78,584.23,1484.2,206.68,440.48,691.06,359.87,813.22,475.99,500.43,369.03,547.09,386.56,731.97,2365.2,263.46,300.99,911.58
28203,964.17,518.1,1942.4,306.71,561.29,786.63,1442.5,275.77,488.98,923.52,368.84,1096.2,504.94,660.37,415.37,790.4,373.82,1030.5,2238,361.61,280.37,1293.3
28503,1103.3,478.02,2192.8,281.19,669.49,738.6,1743.4,265.27,531.61,865.44,403.73,1087.5,561.1,643.63,457.13,763.54,424.13,927.5,2523.7,326.88,339.24,1201.9
28803,1249.1,429.7,2433.9,251.79,725.23,669.46,1984.8,250.36,539.23,760.93,439.48,1001.4,606.18,562.07,501.92,644.16,470.06,873.5,2841.6,302.63,394.26,1114.7
29103,1248.4,306.09,2341.3,186.55,761.33,527.99,2118.6,198.91,589.95,678.63,472.29,856.8,652.65,474.88,551.67,538.78,497.32,652.2,2888.8,225.23,393.17,814.02
29403,1255.4,366.25,2249.2,221.99,805.95,643.28,2103.3,231.59,602.55,783.14,462.55,997.66,691.15,554.98,576.94,613.32,504.05,861.49,2866.8,269.82,389.17,993.31
29703,1046.8,376.62,1670,212.13,654.94,646.41,1728.2,233.92,491.54,722.65,391.44,962.53,556.21,518.47,457.08,593.44,376.99,827.41,2181.7,265.69,318.5,1007.6
30002,1405.7,391.48,2261.2,221.86,849.1,671.57,2420.9,250.11,609.43,797.24,483.12,1038.5,713.16,559.65,612.79,677.54,495.22,897.3,2834.6,278.63,413.27,1079.2
30303,1308.1,328.54,2102.1,194.33,796.62,584.71,2367.6,216.28,569.29,715.33,453.2,947.33,671.74,483.88,591.24,582.76,458.92,740.83,2599,231.58,405.99,889.54
30602,1183.2,341.64,1926.4,201.88,715.57,620.57,2246,222.95,521.27,719.24,435.6,997.97,655.44,493.73,544.44,608.52,420.4,794.71,2415.3,240.89,380.56,971.83
30903,1051.9,402.75,1689.6,249.2,626.25,747.53,2112.2,267.88,498.13,874.86,437.6,1266.7,635.25,624.08,503.85,734.08,355.7,966.3,2101.1,287.3,338.17,1235.2
31203,1214.4,330.85,2059,201.85,732.99,629.48,2592.3,217.63,510.73,761.91,462.47,1074.9,684.4,497.1,552.45,590.25,441.73,799.38,2597.3,230.07,398.46,1014.7
31503,1216.7,349.04,2090.7,215.22,745.91,672,2636.2,223.1,506.71,791.6,444.2,1045.1,700.48,523.47,567.23,625.96,377.43,801.77,2516.2,230.42,391.35,1053.8
31803,1163.2,356.99,1990.3,222.87,699.07,699.92,2577.5,218.93,486.5,838.22,411.49,1048.7,644.42,534.24,538.53,656.36,352.92,852.31,2417.3,232.58,359.19,1106.5
32102,1116.7,349.18,1931.5,215.62,674.77,696.92,2563.1,204.47,461.96,829.71,388.57,992.07,640.88,547.83,535.31,654.52,337.48,792.06,2291.7,217.27,339.02,1016.9
32403,879.74,391.13,1458.9,228.26,536.27,787.56,2060.6,214.69,390.83,899.14,336.96,1017.8,524.98,603.83,428.2,712.98,268.01,889.79,1774.3,229.1,268.72,1128.2
32703,766.3,302.88,1227.4,167.49,444.86,578.62,1713.3,162.75,323.74,728.32,290.97,784.54,399.27,444.02,340.08,519.47,214.3,589.28,1467.8,162.47,252.43,872.89
33003,742.93,282.36,1245.5,163.82,436.24,569.3,1773.7,148.45,329.88,744.87,293.59,763.11,425.55,483.8,361.28,563.09,218.45,584.16,1445,148.24,238.02,771.67
33303,677.55,306.78,1182.7,182.42,396.95,628.6,1599,160.07,285.93,762.46,266.03,779.54,374.81,497.94,329.99,594.16,206.2,642.04,1283.1,157.6,224.17,879.06
33603,686.71,339.39,1213.1,208.19,391.18,708.82,1653.8,178.59,272.17,866.41,246.73,797.09,375.7,557.93,330.38,652.97,194.69,725.21,1293.6,169.03,232.51,1015.5
33902,555.91,330.58,936.78,206.51,320.1,760.33,1390.9,178.41,248.25,957.69,217.99,808.02,331.11,614.77,295.58,717.39,159.11,788.67,1039.9,169.59,183.92,1014.6
34202,635.68,372.04,1131.7,232.17,366.58,873.7,1632.6,199.47,271.36,1115.2,230.13,867.94,368.19,707.42,325.79,798.51,193.62,964.96,1316,195.06,216.92,1151.4
34502,681.93,484.77,1263.1,300.27,361.39,1047.2,1750.4,258.64,256.95,1243.4,231.82,989.44,362.78,820.29,324.49,1012.1,191.2,1196,1319.3,234.33,228.99,1504.7
34803,591.37,351.63,1086.3,226.07,319.6,823.98,1568.3,190.99,233.46,1043.5,211.63,798.22,312.13,680.49,289.91,790.33,175.27,885.5,1161,173.14,207.61,1068.1
35102,543.87,401.16,1056.1,268.11,269.52,910.42,1482.4,221.17,216.81,1141.7,196.94,881.83,277.74,759.92,255.62,865.04,156.23,1049.9,1077.1,204.52,182.43,1238.6
35403,409.16,381.03,742.41,257.59,170.11,776.93,996.3,208.94,151.12,1004.2,143.21,792.56,188.87,674.41,170.05,769.03,101.12,908.42,735.69,184.65,128.74,1194.5
35703,498.51,332.68,955.37,237.22,211.82,759.77,1261.5,197.08,162.54,975.19,158.85,770.52,225.4,673.3,197.8,751.91,124.95,843.53,967.22,168.72,157.61,1016.1
36002,503.48,358.16,914.6,253.97,175.1,820.88,1145.2,204.32,140.31,993.01,131.85,761.08,201.93,656.46,143.47,738.61,98.072,899.8,877.12,183.4,142.16,1124.9
36303,591.77,334.93,1076.2,244.55,202.85,857.84,1276.2,202.24,153.55,1042.3,138.14,797.79,240.03,725.44,169.83,804.01,107.71,905.24,992.91,173.9,151.26,1045.4
36602,684.97,320.86,1211.9,232.9,203.25,804.08,1307.8,191.12,134.84,941.43,129.83,725.35,246.02,642.16,147.25,718.16,102.38,834.18,977.6,162.44,155.46,985.55
36903,734.64,363.78,1316.6,271.32,205.18,891.93,1300,213.79,130.72,1046.6,123.25,801.31,261.16,704.86,140.19,811.02,89.579,950.73,984.33,183.8,157.63,1154.2
37203,792.32,420.8,1386.4,319.17,210.6,1055.5,1368,262.66,120.48,1278.1,120.97,991.36,290,878.38,127.14,1009.1,90.47,1246.2,1089.2,235.09,152.39,1421
37502,1006.5,370.25,1698,271.76,236.79,865.11,1580.1,235.82,126.32,1101.7,120.38,837.7,334.33,693.82,126.24,858,86.454,1079.3,1234,195.96,186.42,1225.3
37802,944.28,368.29,1497.2,264.03,201.01,773.35,1309.2,229.7,109.91,1076.4,111.58,828.21,295.46,683.47,105.41,826.67,78.449,1023.8,1054.5,195.4,163.8,1237.8
38103,1077.9,279.59,1768.4,219.13,275.61,714.13,1595.9,200.9,113.37,1020.3,148.79,842.83,407.78,643.96,122.28,747.1,81.604,905.57,1301.2,166.88,180.76,965.78
38403,1672,351.17,2306.4,240.62,376.07,814.05,2038.8,233.29,108.51,1092.9,161.07,936.52,494.04,694.03,139.61,753.45,95.384,1085.9,1747.6,188.56,226.56,1098.5
38702,1904.2,402.49,2535.8,280.1,403.45,898.88,2159.3,258.84,105.88,1182.2,163.12,1030.7,549.3,744.18,144.52,900.32,85.172,1260.8,1767.5,212.14,224.11,1224.1
39003,1750.3,373.19,2197,261.53,334.6,770.22,1926.5,247.75,89.258,1044.5,149.48,949.35,457.08,666.15,121.56,850.02,79.285,1173.7,1620.3,206.53,203.2,1157.3
39303,1945.4,278.21,2466.6,200.96,383.34,603.48,2167,194.01,90.151,865.83,165.44,775.4,526.19,512.89,128.36,646.04,87.596,914.55,1762.6,154.63,246.11,975.46
39603,2079,353.75,2825.9,278.07,427.79,807.29,2430.2,255.21,102.6,1131.8,184.76,1016.3,564.42,694.79,132.46,898.18,78.035,1263.1,1980.4,206.49,242.06,1303.1
39902,2113.4,283.61,2784.9,235.36,411.93,671.07,2340.9,205.9,88.776,929.92,168.3,825.74,507.59,531.05,114.96,684.69,83.77,1076.6,1886.5,168.88,248.37,1194.2
40202,2013,252.5,2558,208.23,330.95,550.67,2149.5,177.19,73.549,842.27,163.96,715.61,446.1,463.69,101.62,582.82,71.635,914.57,1759,149.04,220.71,1074.9
40503,1961.1,317.96,2491.4,281.83,328.05,752.54,2135.3,221.29,71.633,1046.8,161.47,954.07,487.79,643.84,101.77,786.52,71.255,1279.9,1828.1,202.83,210.77,1453.6
40802,1703.7,233.73,2173.7,204.94,308.73,591.26,1768.4,157.03,68.315,836.46,127.96,671.91,345.84,404.25,76.659,510.99,65.125,885.53,1520,144.28,162.12,860.25
41103,1668.4,245.37,1961.6,229.25,296.69,700.96,1894.1,178.44,64.161,892.49,135.77,812.2,381.63,494.21,85.663,565.08,58.031,1047.4,1323.1,152.97,166.81,1161.5
41403,1858.6,225.97,2710.7,234.81,378.33,760.02,2260.5,174.61,72.946,923.24,149.05,822.93,430.91,503.38,104.18,653.87,69.909,1038.4,1799.8,153.95,218.66,1149
41702,1663.8,192.24,2507.3,220.88,348.11,732.58,2071.8,158.11,71.239,838.15,144.02,780.23,384.18,467.78,91.911,600.77,59.858,912.93,1737.6,135.93,190.99,1020.5
42002,1436.9,223.41,2168.4,257.05,291.53,848.09,1640.9,162.7,57.267,790.06,116.1,796.69,278.62,442.93,67.409,617.97,51.942,991.45,1463.1,153.13,173.06,1240.7
42303,1458.8,232.97,2169.6,266.47,312.74,961.2,1662.6,166.03,62.394,859.67,128.76,900.94,323.62,541.95,79.969,719.35,58.924,1060,1522.9,167.27,177.97,1225.5
42603,1308.7,183.13,1917.9,215.06,270.95,769.31,1510.8,136.49,53.65,649.57,106.65,730.69,280.96,440.8,70.763,546.78,49.132,775.89,1333.4,132.11,162.23,959.07
42903,961.38,164.83,1390,199.1,184,683.52,1045.3,116.25,46.489,601.86,79.22,625.76,139.93,297.9,48.673,489.02,45.768,794.8,935.79,120.96,122.99,864.29
43203,1013.7,168.91,1436.8,203.29,203.67,735.86,1212.5,122.59,54.554,717.61,102.17,742.85,210.73,433.81,55.942,571.13,44.909,812.25,990.29,127.06,121.06,830.01
43503,766.64,171.18,1134.1,212.4,150.96,663.48,743.42,105.92,41.586,470.17,55.438,482.05,109.89,292.6,34.104,466.49,40.72,779.81,686.8,127.31,99.791,856.87
43803,642.56,129.79,899.99,145.41,106.78,406.57,470.98,72.603,40.896,335.66,46.134,323.07,74.16,181.77,27.273,304.79,32.424,385.06,493.53,94.344,75.303,462.72
44102,788.47,154.36,978.65,160.02,134.35,537.88,783.37,96.348,44.448,461.07,62.907,485.47,103.62,277.73,36.611,429.15,34.906,507.96,546.85,101.42,97.405,614.09
44403,649.64,209.31,930.9,245.76,121.23,749.61,727.21,148.33,43.627,621.09,57.764,650.62,107.06,436,30.813,566.23,31.877,763.78,711.79,182.2,83.899,878.82
44702,697.54,225.91,1000.8,275.44,142.62,859.97,821.99,159.25,47.023,777.51,65.871,799.36,134.77,501.73,38.761,641.72,39.235,850.14,736.21,192.62,86.158,844.55
45002,632.11,280.85,886.24,360.61,116.62,1018.1,714.41,194.64,48.07,908.56,65.097,898.94,113.94,600.28,35.129,710.76,37.875,1090.8,669.47,250.43,71.281,929.47
45302,210.63,109.94,273.98,132.53,47.632,327.84,227.56,79.198,36.394,289.43,25.487,234.4,21.639,144.55,15.158,268.59,21.976,375.35,212.4,104.4,37.802,368.24
45603,393.51,216.87,556.54,273.27,74.637,649.88,433.76,152.21,41.197,583.83,43.407,567.97,62.785,369.34,23.19,517.06,27.253,765.12,406.4,195.06,64.097,682.6
45903,307.45,225.45,276.08,208.48,62.192,593.06,333.36,156.48,43.695,559.68,37.703,469.48,45.497,329.47,25.098,611,26.242,686.1,239.04,167.79,45.399,526.97
46203,536.89,333.85,832.57,454.18,116.8,1113,725.21,278.65,51.934,1186,72.252,1174.3,115.61,771.09,38.536,892.37,37.698,1287.3,592.93,325.86,79.57,966.82
46503,606.82,460.86,981.96,628.33,132.25,1457.5,792.68,367.55,58.651,1437.5,80.288,1427.8,127.05,1022.1,43.858,1190.6,37.147,1747.9,663.71,432.46,86.021,1264.9
46803,462.67,424.11,748.83,596.86,104.18,1293.4,612.53,340.76,53.632,1323.9,58.185,1256.8,106.12,943.99,44.709,1092.7,35.977,1521.4,501.76,392.7,67.725,1090.9
47102,474.53,406.05,779.83,580.69,107.57,1229.6,641.24,347.29,53.46,1322.7,62.789,1247.1,104.97,938.95,41.319,1056,36.508,1423.6,529.57,372.01,67.303,1048.5
47402,421.69,479.64,694.04,701.42,95.811,1440.7,562.18,413.76,54.172,1543.2,62.318,1416.4,88.228,1124.7,34.446,1251.3,40.656,1649.9,526.71,484.99,70.691,1280.8
47702,425.07,412.3,669.99,613.23,88.476,1237.1,524.44,337.69,53.826,1355.3,60.723,1230.1,80.012,967.96,38.8,1076.6,35.01,1409.4,541.76,431.86,65.654,1104.4
48003,445.95,447.9,716.1,665.27,85.947,1304.8,547.85,372.11,56.529,1400.9,65.091,1275.6,83.905,1009.4,40.334,1130.7,29.253,1513.8,570.93,466.06,63.335,1198.5
48302,385.35,356.36,631.57,521.36,83.935,1052.1,515.71,309.56,56.216,1193.9,54.952,1109.9,79.728,879.9,29.887,942.1,33.185,1116,531.58,360.64,55.33,910.61
48602,406.99,430.64,634.07,684.22,67.859,1320.6,536.4,377.22,54.767,1339.3,50.716,1281.9,66.443,1030.7,31.737,1134.3,32.8,1405.5,538.84,450,57.688,1191.1
48903,364.17,494.79,498.77,791.3,54.759,1477.5,443.09,405.63,48.274,1441.7,43.726,1375.3,52.518,1123.4,24.895,1278.1,28.971,1582.3,413.13,487.49,43.789,1372.5
49202,436.1,503.69,657.05,880.95,58.683,1605.3,561.45,430.7,49.895,1597.9,44.752,1613.7,52.331,1290.5,26.419,1303.4,32.72,1662,523.76,503.82,49.929,1524.5
49502,564.48,418.12,806.77,706.23,60.202,1379.7,681.25,345.5,56.092,1338.3,48.353,1312.1,54.072,1044.2,28.164,1147.4,30.549,1399.9,630.7,399.97,49.88,1287.8
49803,545.29,360.66,748.03,622.84,49.456,1282.1,635.79,300.23,51.662,1237.6,42.751,1267.7,45.837,1002.6,25.084,1127.1,36.943,1261.2,621.37,370.09,46.944,1130.6
50102,750.76,416.96,905,680.08,55.35,1445.2,782.34,329.78,55.137,1309.9,45.026,1337.5,47.839,1083.1,27.82,1171,34.157,1407.4,756.47,443.69,50.26,1240.4
50403,816.55,445.71,1010.5,744.04,53.658,1630.6,844.77,351.61,53.934,1371.7,46.41,1438.5,50.358,1075.1,28.149,1253.3,37.16,1553.6,800.23,476.65,50.096,1413
50702,814.81,429.86,946.81,722.24,49.135,1688,837.62,357.33,50.762,1402.8,44.733,1500.3,36.624,1120.7,19.698,1318.7,30.88,1568.5,755.1,477.51,42.246,1393.1
51002,1039.3,386.39,1289.7,681.02,57.696,1608.4,1027.6,324.75,51.931,1341.1,50.661,1476.2,38.57,1019.4,26.117,1238.7,35.444,1497,991.25,448.33,48.681,1354.5
51302,1103.6,378.57,1346.8,667.71,48.657,1539,1049.3,311.52,52.101,1299.5,48.239,1431.9,33.674,1020.1,18.128,1212.5,37.841,1449.6,1015.4,439.86,47.763,1366.3
51602,1175.3,383.03,1338.9,683.48,47.878,1700.3,1123.8,316.78,48.471,1334.8,47.256,1519.2,26.069,1074.5,28.715,1275.7,34.746,1539.1,1053.9,455.68,48.421,1532.6
51902,1431,311.46,1610.4,566.17,47.011,1453.2,1294.9,256.09,53.816,1232.3,47.466,1386.6,30.619,985.23,21.08,1126.4,37.083,1356.6,1268.5,371.56,50.226,1307.5
52202,1495.8,351.79,1736.3,671.04,55.923,1756,1506.8,311.97,52.818,1365,52.445,1583.1,37.11,1149,23.174,1336.9,35.337,1683.1,1436.7,449.65,55.718,1579.1
52503,1533.1,297.18,1572.1,517.35,50.619,1406.2,1444.5,256.82,50.876,1168.3,49.123,1372.8,26.914,961.3,22.564,1070.3,37.063,1325.1,1395.6,368.16,49.287,1235.1
52803,1780.3,301.98,1795.3,553.93,46.042,1385.1,1735.2,269.25,52.679,1227.2,48.856,1461.4,31.893,1027.2,23.292,1118.9,38.501,1389.5,1610.4,384.32,50.26,1320.6
53103,1456.6,316.63,1443.2,578.12,38.289,1474.5,1363.8,270.12,46.977,1169.6,42.597,1461.4,22.279,1033.7,18.16,1107.9,34.681,1442.5,1259.7,379.37,51.481,1436
53402,1556.7,274.08,1577,503.05,39.173,1322.2,1474.7,236.49,48.765,1089.8,44.78,1353.2,16.327,900.91,16.803,980.67,36.02,1328.6,1394.7,334.38,45.56,1301.1
53702,1656.5,287.68,1468.1,464.75,36.699,1263.3,1522.2,237.14,50.876,1047.2,44.951,1323.8,19.574,886.13,24.364,992.16,33.596,1289.4,1403.9,331.5,49.872,1294.6
54002,1422.4,301.6,1325.5,513.84,39.316,1333.7,1367.9,253.33,49.041,1175.7,42.409,1464.9,19.37,979.36,24.527,1120.7,39.217,1489.9,1255.5,359.99,50.573,1491.2
54302,1460.2,283.91,1308.8,477.68,40.695,1263.3,1364.6,240.08,44.983,1138.5,37.86,1445.4,14.44,971.09,19.728,1040.5,32.878,1385.9,1269.9,342.99,48.145,1379.4
54602,1321.5,248.1,1191.3,410.03,41.787,1140.9,1250,202.44,45.701,1066.5,36.471,1368.9,12.422,870.37,19.48,967.71,39.617,1195.1,1128.4,282.35,46.503,1182.9
54902,1308.5,245.54,1169.6,422.18,42.455,1068.1,1163.9,197.65,46.134,977.02,37.207,1298.2,14.189,797.55,20.716,917.52,33.316,1118.7,1109.3,282.67,41.957,1139
55202,1165.8,294.8,1020.9,517.25,39.891,1212.4,1019.5,233.97,46.069,1121.9,33.685,1535.2,11.795,880.7,17.499,1108,33.861,1375.3,990.61,352.71,45.249,1443.5
55503,1094.7,252.9,892.93,427.33,37.341,983.96,974.96,205.91,42.688,1013.8,36.86,1378,11.874,782.86,18.526,937.08,32.113,1089.7,879.95,293.36,48.619,1102.1
55803,930.54,285.37,748.62,488,30.96,1021.7,739.6,210.04,41.104,996.12,34.023,1405.1,14.926,810.9,20.456,977.43,35.347,1156.3,712.84,324.82,41.617,1237.9
56103,970.99,290.55,747.06,476.28,37.554,1009.8,839.11,228.8,42.095,1052,35.45,1405,11.89,792.53,20.989,971.86,34.165,1111.5,734.1,312.82,46.924,1162.7
56402,554.95,183.74,432.76,298.7,25.745,649.03,439.21,138.67,37.05,669.3,25.961,861.84,1.7616,492.59,9.5127,608.08,25.903,668.23,444.46,198.38,37.08,799.47
56703,830.46,319.44,604.42,479.36,33.014,982.29,717.19,249.54,43.123,1042.3,35.455,1362.2,10.069,809.54,21.813,906.71,28.746,1162.1,614.15,323.46,48.382,1320.8
57003,808.51,302.11,572.1,432.13,35.207,852.45,709.79,227.64,50.053,982.82,41.709,1316.8,16.93,734.48,32.406,815.9,33.66,964.41,601.11,272.68,53.463,1094.5
57303,506.69,280.01,351.91,406.9,29.464,775.76,437.9,219.42,38.835,790.42,22.285,967,0.60334,612.24,9.1932,664,29.852,802.36,401.68,257.99,42.952,1058.8
57602,630.19,400.27,467.43,613.55,41.505,1048.2,571.98,316.54,51.874,1121.8,39.82,1440.9,9.1302,859.71,20.622,932.6,40.611,1200.2,489.43,357.46,56.874,1409.4
