2,25.264,1048.3,27.453,1141.8,28.871,1405.3,18.169,1298.7,31.705,1204.4,13.757,1128.1,12.854,1098.8,27.475,1023.9,36.573,1525.1,34.685,1794.8
306,22.378,927.58,28.153,1019.2,25.254,1297.9,21.32,1162.1,32.958,1135.2,13.163,1099.3,12.464,1119,28.839,972.06,41.408,1357.5,38.421,1809.8
606,24.419,948.91,33.202,1112.3,27.681,1364.2,21.432,1214.2,32.087,1170,19.872,1166.9,10.446,1138.8,31.586,1014.9,40.045,1415.5,39.531,1862.2
906,26.37,1028.7,33.855,1184.5,32,1473.7,25.087,1323,42.325,1332.5,23.009,1268.8,16.614,1279.7,34.398,1109.7,43.645,1549.7,45.261,2212.3
1206,24.277,906.86,26.756,1077.9,21.323,1329.7,18.456,1194.3,24.61,1216.7,15.962,1217.8,9.7066,1211.5,26.189,1111.9,40.544,1408.1,41.687,2009.9
1504,22.456,1030.1,23.401,1277.8,26.863,1432.9,19.335,1340.8,20.657,1254.3,15.631,1266.2,7.7603,1149.1,28.587,1131.8,35.578,1483.8,32.433,1825.6
1806,21.885,1213.8,23.532,1438.7,23.56,1620.7,24.624,1572.8,26.841,1566.5,18.114,1544.3,10.73,1449.5,26.709,1386.2,37.819,1739.8,36.698,2296.3
2106,19.024,796.69,18.184,963.06,24.017,1069.7,21.092,1027.9,16.829,1004.6,11.273,1051.4,9.1765,976.75,25.382,999.92,35.439,1124.7,34.321,1342.1
2406,23.353,1146.7,23.839,1346.6,31.786,1491.8,31.731,1425.8,27.713,1389.7,22.766,1448.2,17.384,1284.6,32.161,1338.4,40.65,1603,43.478,1906.2
2706,19.976,1195.8,19.696,1483.9,25.491,1553.6,19.661,1538.5,15.503,1436.5,13.335,1543.7,11.188,1379.1,26.586,1412,35.088,1619.3,36.569,1949.1
3006,22.7,1255.2,25.881,1584.5,29.27,1601.3,27.365,1599,19.924,1471,17.064,1626.1,13.196,1377.4,28.033,1488.5,36.221,1689.8,41.807,2048.1
3306,21.237,1069,22.617,1460.3,28.154,1345.5,29.753,1375.4,17.827,1185.5,20.749,1330.8,12.913,1057.4,30.503,1314.4,39.979,1453,40.77,1632.4
3606,19.16,1325.2,25.679,1937.9,21.928,1658.5,20.575,1663.3,15.112,1482,11.602,1697.2,7.4119,1257,29.226,1711,34.152,1661.4,36.363,1945.3
3906,22.156,1207.3,24.273,1746.3,22.273,1510.3,28.347,1539.1,10.906,1360.8,13.811,1502.4,11.434,1234.1,30.606,1453.2,35.044,1542.4,38.606,1691.6
4204,20.193,1130.7,20.188,1581.6,23.36,1366.9,23.915,1412.3,10.741,1222.7,8.8332,1382.2,9.0683,1216.3,23.801,1415.2,31.325,1440.8,34.386,1538.5
4506,18.941,1196.5,21.306,1697,24.312,1438.4,21.233,1458.2,10.472,1293.8,11.438,1457.6,9.6381,1248.5,26.68,1495.4,29.644,1466.1,35.147,1587
4806,21.725,1170.4,24.441,1609,26.892,1383.5,25.865,1451.5,17.241,1284,16.02,1480.4,21.166,1256.8,25.284,1436.2,32.888,1392.7,36.502,1528.2
5106,16.988,1272.3,19.083,1806.8,22.43,1524.3,19.116,1624.5,7.0372,1417.4,11.08,1624.3,10.066,1394.6,23.414,1605.6,29.973,1492.6,29.607,1697.3
5406,17.961,958.51,22.143,1335.5,24.108,1144.9,21.746,1181.2,8.4153,1048.8,11.767,1214.2,16.021,1105.4,23.435,1212.2,34.646,1123.4,37.824,1241.8
5706,17.405,1123.5,26.841,1539.4,33.089,1308.9,31.029,1410.3,16.45,1212.9,15.494,1356.7,22.119,1203.2,28.262,1321.8,33.509,1333.4,39.127,1431.9
6004,20.044,1294.3,24.746,1701.9,33.113,1535.1,22.483,1607.2,11.666,1429.9,13.477,1611.1,17.935,1421.3,28.422,1521.5,26.307,1545.2,38.634,1622.4
6306,19.326,1354.7,25.566,1834.2,40.718,1655.5,22.222,1660.3,11.838,1522.8,16.256,1753.8,20.329,1626.2,30.279,1696.6,25.492,1624.1,42.481,1713.8
6606,18.689,1040.1,26.869,1373.6,36.89,1246.4,21.595,1231.7,13.718,1085.5,18.778,1272.7,18.945,1150.5,29.629,1268.8,24.098,1262.6,34.753,1200.2
6906,21.11,1283.6,25.557,1649.2,39.239,1486.4,22.064,1437.4,16.328,1295.4,16.694,1580.2,15.214,1426.6,30.305,1481,20.686,1508,37.282,1401.8
7206,21.272,1296.9,25.994,1688,38.393,1508,16.665,1433.5,11.915,1294.2,15.338,1582.5,19.144,1460.2,29.584,1530.4,23.835,1555.2,31.875,1449.3
7506,18.618,1227.4,19.759,1584.1,29.724,1455.2,15.581,1418.9,8.9847,1229.4,9.2489,1463.1,9.3365,1369.2,23.856,1471,22.885,1561.8,28.333,1396.2
7806,25.183,1018.6,28.459,1308.5,36.991,1204,23.199,1143.2,14.583,1023.5,17.746,1205.5,17.765,1175.8,30.461,1296,29.969,1317.3,33.736,1116.4
8106,22.96,1165.3,24.017,1428.1,31.232,1287,18.829,1285.5,13.899,1125.8,15.011,1308,15.645,1236.6,32.081,1393.5,27.644,1484.2,31.037,1234.8
8406,21.493,1260.7,20.337,1472,26.845,1327.4,18.191,1371.4,5.9711,1094,11.303,1385,6.5195,867.39,29.556,1441.1,20.923,1368.5,27.529,1268.2
8706,28.087,1529.2,26.451,1660.5,31.459,1541.6,23.187,1590.7,11.269,1448,15.364,1641.6,14.605,1370.8,33.966,1703.8,29.524,1733.3,27.107,1503.9
9004,30.174,1585.4,23.609,1687.9,30.765,1593.4,18.83,1655.8,11.492,1523.5,12.426,1698.7,14.435,1544.8,31.08,1788.9,23.225,1768,24.859,1573.3
9304,31.747,1021.3,23.619,1104.1,30.97,1087.1,17.851,1057.5,12.55,981.6,8.6794,1149,14.163,974.96,32.133,1247.8,25.249,1124,27.368,1010.6
9606,31.151,1094.5,23.735,1158.6,31.178,1193.6,16.254,1123.2,13.91,1051.6,11.145,1265.5,10.471,984.64,36.717,1323.4,26.509,1187.4,28.076,1095
9906,32.985,1218.5,21.289,1272.5,31.467,1294.2,15.015,1075.6,9.6714,1178.9,10.997,1348.4,10.195,1020.1,35.702,1390.7,22.472,1216.4,21.195,1080.7
10206,26.703,1101.1,22,1137,29.4,1184.5,16.061,990.46,9.6769,1087.4,16.172,1298.5,11.075,998.22,35.456,1304.6,22.13,1225.8,18.397,769.92
10506,35.618,1451,29.227,1412.7,33.935,1446,24.5,1388.7,15.815,1438,13.204,1653,13.356,1193.6,37.973,1576.2,24.538,1595,20.896,1068
10804,32.674,1470.2,22.621,1382.4,29.896,1461.3,16.99,1474.4,10.904,1521.4,16.491,1669.1,11.065,1243.5,33.283,1570.7,20.586,1606.8,19.303,1182.9
11104,31.686,1159.8,27.919,1090,28.901,1147.1,17.623,1140.5,16.861,1171.5,16.921,1315.5,9.9806,1010.1,33.919,1274.9,21.486,1210.8,28.454,1169.7
11406,31.529,1390.3,24.365,1235,23.673,1343.8,21.136,1392.8,13.604,1405.2,11.684,1541.2,11.951,1201.3,30.762,1461.2,22.609,1493.4,22.727,1416.7
11706,25.387,1020.3,19.609,907.9,20.252,1010.1,17.166,1017,12.956,1018.3,8.203,1147.8,4.5271,929.81,26.86,1162.3,19.286,1040.5,22.476,925.96
12006,33.342,1345,30.539,1121.1,27.923,1348.5,21.474,1301.1,19.557,1355.7,20.313,1474.5,15.061,1198.6,32.156,1408.1,26.708,1419.9,19.783,1132.7
12304,37.346,1317.9,31.152,1076,24.132,1223.8,25.975,1261.4,19.51,1215.1,17.665,1365.8,9.5638,1101,36.479,1387,19.45,1295.3,23.445,1234.7
12606,32.216,1048,21.163,845.03,19.652,987.21,20.947,1032.9,16.746,1000.8,17.695,1128.4,11.079,948.75,28.819,1157.1,27.514,1038.5,22.509,996.35
12906,59.107,1383.6,37.872,1023.6,32.206,1216.2,30.806,1312.8,32.608,1209.1,37.856,1365,32.121,1101.4,40.459,1405.8,38.974,1305.6,28.705,1243.3
13206,87.682,1209.5,47.835,910.1,52.467,1161.1,45.912,1218.2,58.229,1319.5,61.599,1249,73.153,1108.8,56.186,1256,56.293,1243.7,48.66,1195.5
13516,122.61,823.79,70.288,626.57,63.842,718.75,62.52,761.04,58.093,584.82,83.24,812.05,87.418,638.13,71.851,918.76,63.366,741.02,59.149,668.67
13822,223.63,1098.3,125.23,770.83,139.11,970.86,126.18,1019.5,169.77,966.42,186.34,1091.9,221.44,917.9,128.17,1110,127.88,998.82,133.88,1000.3
14106,275.01,1318.5,161.45,933.36,173.36,1151.5,160.43,1200.6,216.87,1144.8,256.5,1334.2,302.31,1100,161.01,1359.4,139.98,1148.1,168.1,1145.2
14404,353.34,1180,212.01,834.37,254.51,1030.8,223.58,1051,298.47,991.15,346.2,1128.1,388.53,910.93,212.52,1116.5,183.87,1070.6,216.64,998.51
14706,477.02,997.94,328.36,730.9,367.96,869.27,302.44,876.09,436.07,831.11,477.91,925.56,517.21,745.46,265.49,967.12,250.46,944.76,296.74,797.02
15004,522.76,788.61,366.53,579.32,398.01,654.27,346.64,672.61,467.71,612.84,536.86,751.32,581.38,618.52,335.6,891.43,267.97,708.75,316.6,597.43
15306,465.57,1168.4,352.23,856.57,400.42,945.39,371.08,1028.8,520.47,935.49,572.16,1041.8,636.19,912.08,319.03,1214.9,245.02,1086.9,302.29,902.55
15606,603.84,1000.8,427.25,688.53,498.59,748.34,451.55,801.53,588.85,684.78,721.97,850.21,711.47,671.79,384.45,1017.2,321.46,905.98,377.84,740.46
15904,585.71,815.13,432.17,574.6,490.27,610.71,452.72,644,549.6,516.18,692.25,704.62,690.22,564.24,383.74,894.32,321.24,759.26,370.8,604.13
16206,770.15,983.78,559.43,665.24,644,686.45,626.22,808.45,764.13,629.67,897.56,799.86,878.71,651.37,461.31,1017.7,407.39,894.12,492.23,722.39
16504,662.67,992.66,506.29,706.46,566.22,711.27,535.37,831.69,675.67,639.35,786.98,823.34,781.24,646.32,419.8,1047.2,358.01,924.05,413.53,710.39
16806,645.13,1029.4,523.88,776.97,586.18,752.37,548.05,878.24,642.29,635.48,776.24,868.08,790.64,701.59,431.55,1146.7,349.7,987.8,421.97,737.03
17106,632.17,971.89,507.22,733.68,592.61,699.26,546.03,836.78,646.24,575.7,783.52,795.23,788.21,653.51,426.67,1100.1,379.02,953.86,426.14,702.97
17406,620.24,820.62,475.13,620.27,557.95,568.41,538.05,693.12,644.84,481.89,770.23,695.78,790.15,609.12,421.76,1013.7,371.68,808.81,435.51,589.92
17706,658.28,1162.3,507.91,859.35,608.85,784.83,582.9,992.38,677.21,669.83,815.89,947.32,812.72,834,441.27,1360.8,365.04,1089,458.6,848.25
18006,653.27,999.68,524.08,737.11,613.41,671.22,555.07,837.21,670.71,538.46,819.29,773.57,812.84,708.9,447.56,1197.3,360.49,928.66,473.34,766.59
18306,475.27,776.69,396.42,607.91,430.16,517.12,396.38,635.14,459.6,409.22,572.21,620.95,606.44,599.64,348.64,1011.6,263.71,676.91,322.62,568.2
18606,589.21,842.11,480.74,658.2,523.11,554.81,494.73,708.96,579.56,435.16,685.21,657.31,720.42,658.86,398.96,1087.2,305.45,713.25,388.05,597.42
18906,478.87,1127.3,397.22,926.94,437.97,742.27,391.16,948.47,448.86,568.2,536.37,839.2,601.06,871.02,339.06,1415.4,250.16,948.21,304.68,774.22
19206,434.57,961.55,329.65,745.72,391.37,640.1,343.7,795.54,420.88,485.53,522.15,720.9,607.01,830.4,337.66,1304.8,237.07,803.26,274.26,650.13
19506,461.46,1111.5,375.73,872.1,419.01,720.42,309.9,830.57,448.21,561.3,567.13,769.24,598.22,906.06,326.23,1340.4,256.05,933.29,295.69,740.02
19806,408.85,1116.8,325.37,853.13,355.18,689,276.09,838.21,374.71,543.57,470.41,745.62,515.64,907.6,301.68,1239.7,214.38,911.67,246.23,699.39
20106,387.31,1238.9,300.05,933.72,322.33,761.7,265.63,1000.3,338.9,626.45,444.73,852.51,491.46,1135.8,265.83,1318.1,197.82,983.08,232.1,803.04
20404,373,1137.8,287.8,855.54,323.55,695.38,281.26,1015.4,311.99,579.48,436.8,771.01,475.7,1086.1,260.17,1190.1,179.64,904.93,230.52,766.48
20706,289.28,878.6,227.35,690.95,239.76,558.51,207.51,767.05,246.63,456.08,313.57,594.43,324.44,855.67,202.42,939.18,141.58,671.62,170.74,558.43
21006,343.08,1358.8,256.98,1019.2,295.37,859.08,257.81,1250.6,320.63,767.37,416.34,957.66,452.15,1388.6,239.93,1281.2,171.8,1086.9,195.67,912.85
21306,290.08,1312.4,234.56,984.99,239.87,858.79,217.89,1216.1,244.32,762.02,329.83,923.93,343.3,1308.3,186.22,1214.1,139.96,1039.5,169.38,879.88
21604,271.55,1156,215.27,914.11,235.27,791.65,204.99,1112,238.63,715.18,319.21,849.89,333.77,1260.8,176.38,1103.2,144.07,978.24,164.98,808.35
21906,264.4,1361.9,203.58,1052,212.62,894.84,187.76,1270,213.65,851.02,293.64,981.81,302.59,1362.7,198.84,1313.7,125.48,1087.3,143.93,929.55
22206,197.6,1093.1,157.19,891.87,160.85,744.62,148.45,1029.9,148.69,687.94,209.21,792.02,207.62,1105.8,146.24,1168.6,99.448,899.53,111.43,747.44
22506,207.22,1170,151.37,921.87,167.32,793.58,159.11,1097.9,174.77,767.05,233.78,918.16,229.76,1230.8,147.46,1227.7,111.53,1000.2,122.42,846.68
22804,165.94,1546.2,116.19,1248.5,122.59,1034.7,114.92,1387.8,130.19,1035.6,196.71,1302.5,191.27,1655.8,129.5,1613.2,85.726,1324,87.176,1177.7
23106,146.02,1126.3,104.01,961.25,113.43,792.48,101.2,1034.2,128.82,770.77,176.04,944.05,157.67,1214.7,117.18,1240.3,80.129,993.23,76.156,815.55
23406,138.45,1236.9,99.598,1125.5,100.75,910.4,91.41,1144.6,107.61,845.33,151.25,1013.7,135.99,1259.7,108.81,1370.8,70.447,1100.8,68.693,952.27
23706,117.59,1434,90.161,1338.1,97.82,1079.6,82.996,1358.1,101.21,1052.1,150.97,1277.8,143.91,1526.5,104.98,1545,68.075,1341.7,68.858,1165.7
24004,105.23,955.8,75.015,978.69,78.668,731.07,68.103,900.94,72.006,652.43,99.275,790.47,93.988,1028.8,85.399,1124.8,54.172,893.36,54.505,735.82
24306,139.94,1352.9,92.765,1328.8,93.744,978.28,87.605,1241.9,99.547,951.93,147.18,1135.3,131.8,1453.8,101.56,1431.9,66.731,1278,70.346,1106.8
24606,105.44,1382.1,70.75,1350.7,71.461,995.8,67.022,1251.2,65.341,923.03,99.982,1116.8,92.335,1421.8,79.539,1389.9,56.659,1279,53.32,1079.3
24906,110.46,1162.6,75.239,1164,77.871,810.89,72.723,1026.5,67.542,697.04,102.29,878.2,79.201,1084.8,82.132,1200.8,56.101,1113.8,55.708,884.44
25206,87.37,1391.8,58.44,1365.9,57.891,989.12,57.808,1269.7,65.979,988.81,92.112,1089,81.675,1494.2,76.842,1359.2,49.702,1349.6,46.012,1113.6
25506,100.79,1267.6,71.496,1318.9,73.795,932.45,76.271,1176.6,86.505,886.73,92.694,1015.9,82.182,1366.9,82.096,1297.8,66.832,1313.1,63.577,1063.5
25806,135.99,1044.4,100.02,1071.5,97.644,739.87,119.63,961.58,130.76,723.03,112.91,781.15,102.97,1120.8,94.713,1056.3,94.381,1085.9,82.749,824.96
26106,139.51,1063.5,123.46,1117.1,105.88,747.04,150.52,997.31,150.59,686.82,110.63,797.81,107.87,1029.2,99.496,1050.8,117.63,1119.4,73.201,620.36
26406,169.87,1149.4,158.29,1198.6,143.41,789.73,204.87,1056.2,202.13,776.13,135.76,883.67,140.93,1203.9,121.5,1171.3,162.76,1221.1,145.92,842.17
26706,257.38,944.19,256.67,990.49,247.23,668.34,330.88,869.23,368.79,636.48,231.9,689.02,265.51,997.17,168.32,917,251.11,1093.6,228.35,752.31
27006,294.31,989.36,310.11,1017.9,298.2,690.23,400,867.36,426.09,644.36,273.99,704.66,306.94,965.61,186.58,955.09,290.42,1082.3,257.23,693.86
27306,341.81,817.52,367.9,826.67,349.45,549.01,501.92,675.26,521.88,517.33,356.3,552.55,393.73,796.48,228.8,819.41,337.19,865.52,364.52,600.28
27606,447.73,974.43,493.18,987.07,471.77,636.1,685.4,788.02,730.59,651.96,489.26,656.07,510.05,861.65,276.92,965.46,416.63,1030.8,466.19,672.63
27906,425.84,1167.7,465.73,1167.5,451.74,740.31,656.11,881.78,700.82,800.15,466.67,794.9,520.5,1077.1,275.75,1199.9,425.12,1167.7,471.88,781.31
28206,455.98,743.98,533.22,778.22,503.8,473.8,721.26,532.75,765.84,495.5,495.6,484.43,498.18,633.92,294.87,787.69,464.32,773.34,494.87,483.7
28504,477.12,984.22,583.77,999.35,528.54,600.77,806.09,697.45,849.08,673.79,538.83,598.32,621.28,836.82,309.37,966.4,506.5,1053.3,567.78,642.64
28806,441.19,815.91,526.51,798.72,461,472.39,753.95,541.39,805.21,530.87,496.47,469.23,601.32,710.83,301.27,838.16,469.32,861.52,519.56,497.4
29106,523.22,947.14,637.43,887.53,573.36,525.61,903.09,608.42,997.46,598.38,578.96,512.31,705.57,753.01,348.44,930.75,521.55,987.68,617.86,566.25
29406,471.66,775.45,561.29,743.1,506.68,465.75,802.9,486.63,934.26,512.83,523.19,446.11,635.04,702.15,321.45,859.41,497.09,812,605.22,487.88
29706,467.16,906.01,577.87,845,502.94,532.03,798.39,535.77,940.8,556.26,520.29,493.18,606.63,740.22,311.96,951.19,472.4,943.91,579.12,544.8
30004,493.49,989.8,600.61,891.07,546.12,575.52,886.94,622.63,992.54,608.3,536.08,543.29,671.22,850.28,336.36,1052.3,522.02,1061.1,621.62,611.11
30306,394.72,986.08,529.39,923.64,434.61,589.36,702.41,617.54,790.55,589.59,440.18,569.52,553.04,843.4,276.03,1042.8,407.19,1057.5,501.17,599.93
30606,451.53,917.44,584.7,825.86,503.83,552.67,769.32,560.36,870.92,522.24,512.05,559.75,618.84,802.87,304.02,1001.5,442.07,948.59,549.42,560.35
30906,342.63,1000.9,440.69,878.96,372.62,618.98,537.57,586.21,650.53,566,392.94,648.9,454.97,859.69,236.32,1041.9,350.46,1032.3,421.37,604.65
31206,396.58,899.4,484.18,788.55,452.78,592.74,719.76,611.04,726.96,485.95,452.96,636.63,572.25,881.7,260.65,999.72,395.02,957.23,519.9,618.46
31506,371.25,967.75,447.4,805.97,390.72,638.76,562.43,576.97,681.29,531.79,397.02,694.91,455.77,830.61,241.49,1024.5,344.33,950.38,385.85,616.58
31806,307.56,1161.9,357.31,938.7,317.16,785.06,528.01,813.44,590.63,649.25,341.04,882.57,423.21,1083.8,195.7,1216.6,292.63,1137.8,348.66,809.41
32106,323.04,1028.4,398.98,862.84,350.41,697.24,547.07,728.04,619.88,600.15,383.54,813.21,395.31,890.52,189.99,1092.1,293.91,972.72,341.37,686.99
32406,302.06,1067.4,380.27,890.73,317.89,757.82,481.46,746.55,557.57,662.87,351.53,916.01,359.93,936.15,178.68,1127.2,267.68,998.75,307.28,732.48
32706,276.04,1229.1,325.41,990.34,281.17,893.21,479.36,964.99,509.05,794.6,329.95,1117.8,336.79,1110.3,165.42,1278.4,250.36,1146.8,282.83,853.36
33006,252.37,1010.5,284.8,793.86,251.4,780.14,425.78,804.33,445.98,670.91,265.92,856.26,297.21,948,153.73,1089.8,214.7,926.12,246.92,697.59
33306,258.93,1376.3,285.86,1060,256.52,1064.9,424.09,1093.7,453.67,961.29,293.36,1286.4,306.52,1285.4,155.67,1356.3,208.1,1202.8,258.27,950.33
33606,215.17,1157.4,236.09,849.71,211.81,921.51,348.66,920.4,369.69,787.57,237.21,1049,256.41,1060.9,129.99,1157.3,179.41,986.82,215.61,784.97
33904,204.75,1153.9,213.21,803.86,207.23,938.08,329.42,900.52,341.64,783.89,231.74,1036.7,249.29,1050.1,120.69,1130.6,164.03,948.54,196.56,794.03
34206,194.05,1364,208.44,931.39,160.82,970.03,289.26,1016.7,303.58,946.13,212.59,1127.7,214.35,1052,114.79,1186,151.69,1091.8,160.43,845.05
34506,177.2,1207.7,187.28,799.83,167.32,931.11,297.59,936.44,269.62,829.9,187.13,1037.9,199.36,1002.7,103.11,1066.3,143.56,929.13,150.74,737.96
34806,162.59,1269.4,180.55,848.71,146.31,985.52,264.85,1027.8,244.39,870.14,164.16,1059.3,181.14,1039.6,97.476,1074.8,133.78,997.64,136.67,760.92
35106,147.1,1580.1,167.25,1019.7,162.75,1256.2,258.53,1289.4,236.96,1077.2,173.18,1244.3,186.6,1250.8,97.979,1236.9,130.66,1241,128.74,920.2
35406,115.62,1300.8,124.09,829.09,114.93,988.39,202.98,1092.1,172.36,897.24,122.84,1001.9,130.47,1058.9,77.889,1064.8,104.55,1036.5,94.852,740.37
35704,135.72,1655.6,131.1,963.13,133.94,1318.4,218.95,1435.8,207.04,1177.7,140.71,1254.7,161.5,1382.3,82.539,1242.5,111,1319.5,118.13,972.46
36004,101.94,1865.8,106.95,1101,103.33,1452.1,160.3,1615.3,156.36,1365.1,107.46,1421.4,112.6,1623.9,70.717,1453.1,91.605,1476.8,82.118,1063.7
36306,89.388,1139.9,99.57,783.92,82.844,872.68,133.88,1030.5,112.75,761.88,91.004,877.65,87.474,930.84,57.762,954.39,75.14,967.54,64.282,663.89
36606,90.089,1348.1,100.72,804.97,88.447,1073.7,140.21,1172.4,124.22,1002.6,95.46,990.12,105.36,1142.3,57.553,1023.1,86.218,1088.2,71.278,830.27
36906,92.536,1978.4,99.506,1186.6,86.478,1501.6,150.9,1819,125.36,1525.3,89.555,1452.8,111.24,1838.7,53.198,1392.3,87.355,1607.6,65.576,1286.6
37206,90.001,1610.1,97.007,1035.4,97.634,1330.1,141.01,1551.3,120.55,1254.8,89.983,1181.3,101.62,1381.4,56.671,1106.3,74.849,1330.8,63.434,1067.3
37506,68.245,1350.1,81.528,896.05,76.376,1134.1,110.38,1280.2,98.495,1053.9,68.849,990.63,77.196,1139.3,46.451,939.51,64.221,1101.2,50.351,899.13
37806,71.29,1129.1,84.233,756.85,74.488,984.53,114.56,1121.4,109.71,952.95,67.89,855.84,88.162,1099.8,46.996,864.58,65.349,952.1,60.24,852.71
38106,76.944,1258.1,103.83,828.64,86.965,1005.5,122,1240.5,122.69,1047.3,84.005,908.73,90.409,1161.3,61.234,896.95,67.276,1065.7,63.105,952.39
38406,70.409,1026.9,125,702.87,90.25,867.09,138,1016.4,132.23,856.33,92.303,778.77,107.43,1012.7,68.277,808.32,73.747,898.75,80.515,803.87
38706,67.9,1111.1,137.87,799.47,90.482,964.3,124.33,1114.7,113.9,859.46,79.034,788.85,103.53,995.57,71.918,825.04,75.574,983.1,97.361,879.09
39006,87.02,1228.2,207.12,922.06,111.93,1095,177.83,1273.2,163.01,1013.9,112.39,958.41,169.05,1173.1,107.57,939.73,97.454,1129.3,150.21,995.91
39306,89.033,1085.5,220.3,824.99,132.94,939.86,187.07,1105,177.02,878.76,124.77,808.7,214.68,987.6,125.69,826.04,105.28,1045.7,181.95,872.88
39606,135.95,954.45,355.01,738.93,205.78,824.15,281.25,935.53,272.56,751.89,177.92,692.74,335.11,859.24,183.21,748.58,158.59,930.28,319.89,752.64
39906,134.38,1161.8,359.2,902.34,230.03,988.55,299.94,1150.5,301.47,918.41,191.33,893.87,376.1,1048,209.38,916.13,168.97,1156.3,338.55,871.15
40206,158.82,827.46,485.23,657.71,301.43,667.77,361.25,765.73,356.26,588.79,220.81,607.31,413.04,666.64,252.04,710.94,205.85,887.11,449.45,595.18
40506,155.18,962.23,465.14,765.5,300.81,770.86,366.72,923.61,368.03,692.8,223.84,710.21,438.64,737.54,275.12,844.15,201.09,1027.2,474.25,680.47
40804,202.08,799.56,625.78,644.69,405.96,643.27,479.82,797.49,479.54,566.26,273.85,593.3,567.09,642.01,331.26,782.97,262.09,874.2,654.17,557.3
41106,202.94,940.56,693.88,770.91,437.68,708.1,496.85,917.23,495.11,657.39,288.76,672.57,601.62,689.84,349.42,899.08,273.67,1044.1,717.19,633.39
41404,158.89,983.08,541.96,762.87,349.58,704.89,397.02,919.5,439.67,669.62,242.15,684.35,499.44,661.17,308.89,918.21,206.6,1118.6,563.05,627.34
41704,192.79,786.06,697.55,668.31,385.4,519.47,466.53,749.74,497.45,514.57,278.14,562.2,545.22,541.63,333.37,806.29,263.79,913.34,707.67,489.28
42004,221.76,918.68,802.78,798.8,475.28,619.42,552.14,934.62,564.43,622.41,296.99,664.62,621,617.24,363.32,952.46,305.7,1124.8,816.34,560.71
42306,208.71,770.96,715.98,665.4,400.22,492.5,474.09,778.51,504.49,516.15,278.74,583.47,570.62,533.08,344.57,847.15,266.25,921.47,736.85,451.31
42606,210.4,973.58,672.55,771.92,415.93,587.68,467.06,924.24,503.88,620.05,256.16,674.36,549.64,595.91,331.31,949.49,255.11,1121.4,733.08,539.13
42906,204.27,1108.2,701.29,863.93,437.12,659.86,520.39,1148.9,531.12,721.4,255.89,762.14,599.97,705.37,357.17,1052,265.93,1275.1,768.17,594.68
43204,184.13,1192.6,613.52,934.09,380.52,677.7,467.93,1247.2,463.04,782.12,224.8,816.15,487.49,729.28,311.22,1073.6,223.12,1334.7,631.55,601
43506,202.25,1077,693.43,852.07,419.94,599.93,506.54,1112.2,496.3,697.73,236.77,704.44,513.52,680.1,324.86,978.99,236.82,1215,669.75,527.03
43806,150.5,1255.5,563.08,1007,329.65,662.37,409.7,1302.4,408.55,838.96,193.73,810.73,437.24,792.81,278.29,1060.5,198.48,1409.4,515.46,585.77
44104,203.44,1049.7,701.52,818.95,408.31,544.3,519.81,1084.3,512.56,705.72,227.75,690.66,552.98,766.99,318.29,922.72,236.43,1116.4,670.54,490.19
44406,143.98,1186,544.28,896.87,284.68,566.08,351.59,1126.1,368.59,753.47,151.84,683.63,355.37,709.37,245.49,918.92,180.78,1258.5,510.16,572.5
44706,146,1394.7,486.98,1022.7,271.09,685.81,346.67,1365.9,357.63,944.92,171.76,943.77,374.87,950.2,235.47,1041.1,178.54,1466.6,495.06,691.29
45006,139.35,981.1,484.28,756.21,255.96,501.11,246.83,739.53,319.42,643.61,154.22,685.16,294.17,632.95,212.65,763.43,159.5,1020.3,442.13,499.5
45304,137.92,1141.6,450.16,851.45,244.44,641.53,345.9,1250.5,305.81,778.92,155.52,831.64,339.16,850.57,210.99,892.77,164.31,1250.4,448.07,634.24
45606,107.84,1402.2,343.39,998.37,191.93,782.03,263.6,1550.9,252.9,980.79,126.85,1004.3,278.85,1021.5,183.81,1017,128.64,1530.8,345.43,818.66
45906,106.57,1438.5,344.2,1086,169.49,838.09,249.07,1568.5,247.38,996.31,108.58,1012.4,219.17,988.4,173.42,1048,125.47,1563.8,339.66,900.37
46206,115.34,1377.3,346.05,953.7,197.38,874.76,273.55,1561.6,272.19,989.12,116.71,954.53,277.01,1078.4,177.03,985.71,136.74,1526.6,380.75,981.53
46506,96.278,1327.8,316.17,1000.2,163.72,878.43,232.46,1516.6,235.71,998.96,99.956,907.54,218.54,983.36,151.65,936.42,116.77,1439.7,325.5,991.27
46806,69.042,1125.6,235.5,838.76,122.29,850.71,180.39,1320.7,183.78,898.67,81.595,833.48,196.61,988.45,135.77,897.46,102.43,1312.6,259.15,933.21
47106,80.111,1178.7,256.62,885.86,129.07,884,199.6,1360,185.33,950.39,84.599,831.65,178.47,958.39,133.41,913.39,100.69,1359,286.16,1015.8
47406,74.605,1071.5,245.68,841.12,128.25,892.8,189.83,1286.6,173.97,897.41,77.637,829.9,161.34,927.01,123.51,882.69,92.574,1302.7,252.6,987.36
47706,76.627,1280.6,233.94,1000.5,135.09,1129,197.42,1621.4,182.01,1105.8,90.906,1085.3,195.66,1220.1,122.44,1015.9,116.42,1686.1,246.04,1276.3
48006,53.571,992.81,159.36,832.79,84.636,859.29,136.33,1274.4,112.49,878.87,59.823,858.68,119.83,921.43,97.491,846.64,80.797,1266.1,148.28,931.87
48306,63.07,1174.5,179.66,1022.9,104.07,1144.5,148.51,1583.5,130.67,1087.6,67.443,991.93,127.74,1143.1,97.729,1002.6,97.572,1603.1,189.75,1285.4
48606,60.145,1281.3,173.97,1262.8,102.02,1364.6,136.89,1790.7,121.98,1306.9,67.432,1217.3,140.22,1440.3,105.04,1179.1,84.174,1833.3,164.93,1430.8
48906,51.278,1001.7,152.09,979.05,80.481,978.99,114.24,1375.6,91.59,996.32,55.096,841.53,100.42,1037.1,82.36,905.17,77.249,1379.8,145.41,1080.6
49206,54.348,1371.5,136.22,1331.2,80.617,1402.4,124.79,1985,91.057,1526.1,54.527,1243.6,106.48,1460.9,80.199,1236.5,84.879,2044.1,145.13,1585.4
49506,47.964,1275.9,122.21,1319.9,63.138,1289.7,102.22,1954.9,71.213,1474.3,45.582,1235.3,90.065,1413.3,67.767,1177.5,67.959,1978.8,105.36,1360.6
49806,50.77,996.87,128.24,1092.2,73.83,1036.3,118.28,1451.5,92.418,1190.1,57.851,996.95,109.38,1192.3,79.025,969.39,73.5,1575.4,133.19,1164
50104,48.857,1149.4,122.51,1264.6,63.874,1282.5,100.95,1778.3,81.138,1452.5,48.466,1177.9,90.441,1371.7,70.549,1059.1,65.109,1795.8,120.81,1315.9
50406,36.904,846.87,92.414,981.75,46.946,934.13,81.686,1277.6,57.648,1070,34.944,828.63,73.063,1056,61.835,848.88,55.408,1280,82.731,904.18
50704,33.151,465.68,70.75,628,32.727,586.88,53.32,793.49,37.051,622.04,24.518,554.78,47.776,655.47,49.899,584.48,41.676,807.02,57.71,514.47
51006,69.983,966.71,130.98,1040.2,67.683,987.32,102.35,1449.3,89.995,1235.9,58.086,847.33,90.646,1103,93.545,859.16,68.436,1392.1,148.3,1134.8
51306,63.396,595.88,119.64,706.23,61.777,673.53,83.569,969.48,87.067,806.37,79.35,714.54,61.451,759.72,97.969,636.52,62.978,948,137.87,735.34
51606,112.69,865.96,177.59,916.08,107.08,881.79,145.41,1304.4,162.11,1082,160.77,897.78,94.492,935.91,167.69,776.85,101.36,1312,237.98,1045.5
51906,138.74,856.13,197.19,933.45,123.07,786.9,159.28,1326,208.56,1039.7,215.01,871.46,89.932,890.14,195.1,760.16,124.96,1284.6,284.33,1001.7
52206,190.53,663.17,248.09,701.58,162.93,655.34,209.14,1005.9,301.59,795.45,308.88,691.75,122.69,772.64,243.67,614.55,157.19,983.09,366.32,773.4
52506,266.62,885,338.7,880.77,251.95,813.34,320.32,1338.2,503.47,1031.2,498.95,901.25,168.95,990.81,350.19,728.91,219.35,1283.6,510.75,1015.2
52806,262.79,666.11,303.9,640.69,233.32,581.91,308.37,977.77,485.14,723.09,463.31,627.01,158.03,720.48,353.84,563.01,220.39,925.07,470.44,720.54
53106,267.37,759.54,302.41,667.7,248.51,609.94,328.5,1076.3,566.99,796.03,562.62,689.67,180.16,841.89,378.87,594.4,202.88,939,477.27,787.26
53406,364.25,829.39,426,716.97,345.62,633.48,416.66,1123,695.64,795.85,735.27,700.69,197.01,817.92,438.67,566.49,297.46,1085.7,609.27,768.67
53706,382.53,770.52,445.39,655.72,391.58,587.75,451.35,999.64,737.01,735.85,768.6,647.35,211.68,836.79,490.68,594.78,321.19,967.69,659.19,717.75
54006,364.61,845.79,413.02,698.97,381.39,613.32,430.9,1086.7,724.51,799.46,721.55,658.85,212.91,919.57,475.07,601.31,310.42,1031.3,652.09,795.51
54304,324.84,981.22,370.61,788.92,360.94,687.54,391.45,1232.3,693.99,936.99,687.15,726.24,208.03,1051.9,459.2,657.76,277.81,1148,581.06,893.97
54606,362.5,791.08,402.35,646.63,404.81,560.85,422.42,975.39,699.24,713.95,672.1,532.51,199.72,862.33,454.77,548.8,297.57,949.11,573.17,631.12
54906,374.86,1004.3,466.35,826.83,454.04,697.32,475.47,1230,803.63,931.88,771.13,694.61,225.05,1146.4,485.21,665.73,323.81,1191.3,645.77,799.19
55206,312.38,1115.1,363.65,896.11,356.74,742.53,376.12,1291.9,627.72,981.17,644.2,749.64,185.83,1292.8,419.46,739.66,252.6,1265.9,504.6,825.29
55506,384.01,943.33,414.03,701.99,440.72,611.96,434.99,1063.7,736.99,785.85,728.3,600.14,209.12,1043.9,441.6,616.52,298.45,1072.2,607.14,678.34
55804,357.6,1126,376.37,812.33,402.12,717.83,406.2,1264.2,670.33,933.3,672.21,699.95,187.8,1233.3,442.07,716.07,286.35,1293,592.19,798.42
56104,295.75,880.28,323.13,666.87,339.06,594.01,309.83,980.77,573.13,767.74,554.14,551.32,152.57,1001.5,366.37,598.18,242.93,1033.5,450.3,615.56
56406,317.98,1019.3,339.36,782.57,398.82,716.09,372.09,1198.3,678.35,911.71,649.26,651.7,189.93,1260.4,395.07,687.22,264.38,1277.4,525.9,731.16
56706,265.57,1016.5,305.91,807.83,329.62,678.77,300.21,1190.4,527.51,883.1,519.54,646.35,143.95,1183.9,335.67,678.27,218.32,1208.6,390.6,648.32
57006,249.74,1041.3,265.68,813.27,297.92,671.37,270.13,1152.7,499.54,905.79,465.29,628.96,139.61,1280.7,305.27,658.34,208.54,1241.7,385.89,666.89
57306,245.48,1207.4,235.29,911.54,260.82,728.76,239.98,1289.1,447.11,1008.1,391.4,645.65,125.82,1374.8,277.99,737.61,178.17,1387.3,328.75,722.09
57606,212.24,1237.1,210.59,991.5,224.21,750.28,202.32,1370.4,362.78,1057.7,348,714.88,104.1,1433.4,230.05,746.06,160.94,1391.9,259.03,697.48
57906,226.22,1054.8,220.86,843.99,245.08,668.01,218.28,1202.1,395.74,947.69,357.1,621.96,111.49,1338,231.09,682.76,155.65,1193.9,298.32,634
58206,214.16,1350.7,208.82,1042.9,244.08,827.15,243.57,1580.8,381.06,1196.4,345.77,774.53,113.88,1712.9,225.76,785.78,162.97,1533.8,308.17,849.35
58506,184.78,1077.6,188.34,854.94,214.39,674.11,195.44,1261.8,356.07,968.13,296.87,633.98,107.77,1485.7,196.31,668.92,157.65,1240.3,266.72,655.82
58806,159.38,1242,151.92,950.91,188.58,768.16,159.8,1396.9,279.88,1053.4,235.93,669.28,91.744,1531,172.23,708.04,127.29,1343.7,211.71,735.15
59106,183.89,1417.6,177.47,1145,222.79,939.23,191.64,1720.9,333.55,1290.1,277.32,789.21,116.18,1900.2,189.28,808.63,137.88,1603.6,242.46,899.15
59406,153.32,1272.5,150.93,1024.1,172.91,829.61,151.68,1490.1,248.57,1089.4,217.39,727.78,87.819,1684.6,148.04,732.68,115.68,1300.9,197.19,767.46
59706,156.74,1411.3,143.64,1138.5,175.9,901.97,136.14,1481.4,240.1,1159.1,199.81,746.56,87.054,1734.5,140.11,775.38,108.42,1391.4,197.07,875.47
60006,156.97,1610.3,148.27,1338.7,175.14,1050.6,141.02,1762.5,239.58,1350.1,189.5,809.68,87.94,1909.3,157.61,868.51,102.26,1553.3,199.79,1083.5
60306,120.56,1363.3,120.77,1200,137.92,944,101.35,1507,206.95,1267.7,142.35,676.96,71.31,1816.7,127.38,803.12,93.278,1314.3,162.63,933.98
60606,117.16,1412,112.57,1311.1,120.3,1022.3,108.06,1597.5,174.71,1316.1,125,676.96,59.031,1747.2,112.12,826.76,76.779,1312.3,138.03,962.4
60906,102.46,1752.4,102.61,1681.9,104.69,1330.4,94.506,2189.7,162.78,1836,112.76,868.11,61.35,2465.7,106.81,1084.1,72.861,1593.5,120.69,1233.1
61206,73.102,918.71,63.532,886.67,83.609,771.62,66.975,1129.9,94.07,897.74,54.827,358.75,31.366,1115.1,76.489,645.76,55.618,921.63,81.251,605.93
61506,97.188,1489.3,97.198,1559,109.18,1269.7,107.33,2111.7,149.65,1693.3,99.211,771.63,65.363,2064.3,97.913,998.71,80.82,1482.4,113.1,1052.3
61806,78.614,1604.6,84.356,1708.5,80.936,1402.2,78.148,2360.3,109.97,1882.3,73.876,875.13,49.764,2236.6,90.247,1104.3,71.264,1662.4,84.399,1171.4
62106,91.502,1715.9,82.215,1797.1,89.596,1498,87.424,2478.8,121.06,1989.4,73.286,931.71,49.045,2217.5,80.767,1248.3,65.246,1552.8,89.148,1215.7
62406,69.788,1398.6,66.797,1468.8,68.384,1300.4,66.302,1961.3,94.619,1654.8,61.376,746,36.593,1722.4,60.951,1006.7,64.138,1314.1,74.854,1005.7
62706,68.483,1118.1,65.44,1258.2,72.717,1135.6,46.116,1364.3,83.804,1447.1,55.402,627.87,31.554,1445.7,60.82,875.66,73.778,1208.5,74.383,874.92
63006,71.3,1390.1,73.35,1574.6,83.562,1436.3,74.68,2359.1,89.936,1919.9,65.812,796.14,35.611,1915.5,66.82,1055.2,74.83,1521.9,76.525,1125.9
63306,55.487,1229.3,61.619,1420.1,68.252,1313.6,61.882,2181,75.519,1706.4,57.791,731.81,34.33,1702.8,69.988,943.44,79.687,1394.2,61.258,989.47
63604,59.683,899.01,88.788,1056.9,82.029,975.36,71.614,1601.2,83.677,1259,87.815,549.33,34.135,1230.9,83.456,723.5,106.78,1024.4,80.557,725.79
63906,76.356,987.76,124.71,1102.2,84.01,1022.8,83.794,1702.3,60.748,1021.5,133.71,586.22,35.703,1259.2,111.5,744.27,162.32,1101.4,107.3,775.68
64206,73.668,901.04,183.28,1047.1,104.94,972.83,103.04,1646.3,100.52,1314.7,183.99,532.18,36.65,1256.4,147.65,689.74,236.59,1013.1,138.46,725.67
64506,98.664,805.34,272.4,824.38,136.62,792.37,128.23,1281.7,137.98,1009.1,259.63,413.42,46.693,983,181.93,557.45,334.19,820.21,192.23,612.09
64806,111.78,870.24,325.06,829.24,158.19,805.05,127.69,1264.3,153.78,1046.1,310.71,421.89,57.087,979.85,218.93,526.67,436.48,915.28,236.75,625.52
65106,130,797.06,356.23,670.7,199.69,734.39,167.35,1213.7,214.46,981.19,421.78,381.99,71.951,974.14,293.7,515.22,536.92,802.69,283.03,544.04
65404,166.63,854.68,468.94,705.33,262.55,745.98,195.92,1213.5,268.47,1009.9,496.11,393.15,88.42,1001.5,372.42,535.65,698.47,838.17,352.61,545.12
65706,238.81,983.34,832.35,879.1,432.67,850.34,310.07,1535.7,452.04,1198.9,855.07,475.09,144.95,1168.6,559.95,554.28,994.09,959.52,548.04,656.6
66006,246.29,807.74,850.77,642.12,459.7,638.8,303.65,1171.4,444.57,871.31,870.34,357.23,124.54,867.23,580.08,443.33,1126.1,783.68,603.6,519.68
66306,290.85,868.88,1028.8,654.19,540.63,637.98,329.45,1211.1,509.07,875.77,1004,361.31,139.88,921.47,666.33,429.78,1263.6,781.21,730.36,530.73
66606,253.91,1061.9,975.24,770.61,516.12,719.41,281.43,1442,493.99,1036.3,1016.3,447.69,122.02,1134.5,663.35,523.36,1158.6,852.21,647.98,624.57
66906,355,704.76,1352.6,489.7,771.35,463.56,362.56,894.68,679.06,659.95,1363.4,287.02,156.93,731.53,859,343.53,1558.6,551.69,917.24,394.43
67206,357.51,963.08,1548.7,633.11,898.43,593.9,390.79,1230.4,791.17,897.64,1487.4,356.47,185.58,1047,947.66,406.98,1730.7,732.15,1021.9,533.26
67506,303.76,782.81,1319.7,474.04,814.37,455.29,293.27,870.69,642.58,637.77,1372.8,262.58,142.99,784.67,897.21,334.57,1506.2,550.07,903.53,415.93
67806,352.43,972.17,1654.9,546.87,1042.4,516.07,360.85,1120.6,853.92,812.38,1822.5,342.42,174.85,1015,1157.4,391.67,1857.9,649.51,1156.8,502.37
68106,319.59,892.57,1622.7,465.05,1060.6,436.47,325.44,985.03,842.54,710.97,1806.5,295.6,167.19,899.95,1213.5,354.77,1712.4,560.14,1120.2,442.23
68406,296.71,774.05,1632.3,423.05,1030.3,370.54,297.87,857.07,810.38,603.95,1803.6,261.46,159.09,858.74,1227.6,327.97,1757.7,482.42,1093.2,385.4
68706,339.42,958.55,2006.9,478.26,1281.4,409.12,328.01,1001.6,941.67,691.48,2240.1,293.29,168.99,980.41,1489.1,362.48,2047.8,553.33,1300.7,440.87
69006,315.34,1005.1,1969.9,455.45,1385.9,417.59,297.8,999.97,949.37,697.61,2093.2,278.62,170.78,1020.5,1516.8,359.28,2120.6,558.56,1317.9,451.13
69306,282.89,811.7,1864.9,357.59,1366.3,340.51,258.03,751.64,892.69,543.1,1953.6,215.67,151.54,834.14,1473.2,294,1995.2,433.78,1190.9,341.02
69606,281.3,979.05,2030.1,411.22,1491.9,376.52,252.32,896.46,1029.4,631.94,2265.5,255.01,151.19,956.52,1669.2,325.87,2126,488.81,1323.2,391.68
69906,277.73,810.94,2205.2,331.36,1573.1,302.3,265.01,752.14,1103,515.76,2217.3,185.23,150.43,851.75,1788.5,275.96,2271.4,391.17,1447.1,324.41
70206,251.27,965.16,2189.8,391.54,1568.9,352.5,252.28,974.38,1158.4,627.69,2418.6,245.69,161.39,1077.6,1816.9,313.92,2237.1,467.87,1461.9,398.02
70506,207.52,1033,1834,383.88,1296.6,332.03,182.79,905.12,955.46,577.38,1956.1,226.52,118.56,974.43,1642.1,301.33,1940.6,462.1,1214.9,365.36
70806,260.89,1048.5,2423.7,390.22,1710.5,328.11,231.36,1023,1338.3,616.5,2460.2,226.47,150.36,1062.5,2068.1,308.58,2539.7,466.08,1721.7,395.69
71106,264.07,1049.7,2647.2,367.72,1940.6,316.03,229.8,984.23,1582.8,586.34,2729.3,216.36,158.12,1054.4,2157.9,288.98,2736.3,460.44,1943.9,383.48
71406,224.62,1165.2,2276.6,388.59,1702.7,335.04,195.4,1154.9,1429.7,640.75,2410.1,236.68,133.84,1246.3,2007.3,304.08,2470.3,481.44,1775.7,415.6
71706,241.15,935.09,2486,301.81,1963.2,273.45,183.3,889.91,1503.4,462.88,2624.7,184.03,124.22,926.63,2095.8,232.92,2697.5,389.99,1837.1,302.88
72006,261.79,1154.4,2779.1,346.49,2270.9,322.91,195.39,1153.7,1869.5,568.62,2939.2,221.25,152.31,1168.7,2372,257.68,3066.7,462.91,2202.4,373.49
72306,222.45,1259.4,2409.3,359.02,1956.5,339.18,144.64,1173.3,1637.7,584.68,2493.2,236.56,119.56,1293.5,2144.6,277.77,2789.1,496.11,1893.1,384.14
72606,269.91,1066.2,2794.1,284.51,2381.6,276.34,170.43,1046.6,2107.1,479.45,2907.9,188.42,143.56,1104.2,2438.2,220.56,3318.8,423.16,2402.6,326.04
72906,252.06,1191.8,2742.5,310.53,2297.6,298.98,142.77,1071.4,1941,490.75,2621.1,195.18,122,1138.9,2273.7,229.77,3007.2,442.65,2138.3,326.64
73204,231.55,1046.7,2479.3,264.87,2195.5,251.18,133.92,1007.7,2077.2,434.84,2523.4,164.08,131.21,1135.8,2249.5,201.6,2899,387.12,2179.3,300.88
73506,289.64,1260.5,3149,306.33,2820.5,295.72,147.95,1211,2636.1,511.54,3119.8,188.53,146.09,1306.6,2664.3,219.2,3464.5,438.64,2684.6,344.63
73806,293.4,1322.4,3081.8,319.86,2743,289.61,130.48,1271.6,2622.6,520.09,2828.5,191.96,144.07,1403.2,2447.3,215.73,3263.9,431.76,2741,358.69
74106,289.58,1156.9,2959.5,268.5,2777.6,254.07,106.21,1063.7,2544.3,413.81,2767.1,152.79,133.15,1162.8,2356.5,185.21,3121.1,361.12,2566.7,300.22
74406,300.6,1289.7,3080.9,295.24,2829.5,274.98,101.78,1097.2,2639.5,445.25,2813.1,170.62,130.1,1224.1,2349.7,192.38,3080.1,383.87,2742.8,324.63
74706,320.38,971.06,3333.7,231.83,3062.5,205.88,122.8,1022.5,2853.7,331.86,2922.4,133.73,139.55,1009,2504.8,158.09,3314.1,294.05,2937.9,246.3
75006,304.4,1177.6,3463.2,282.9,3054.3,241.51,114.38,1280.9,2924.3,385.57,2876.7,149.95,132.16,1173,2403.5,176.6,3330.4,345.4,2998.9,290.94
75306,303.32,1351.7,3841.2,345.95,3131.5,276.55,109.41,1470.8,3068.5,439.54,3095.2,189.25,135.51,1281.9,2509.5,198.58,3309.9,402.69,3017.1,327.54
75606,294.77,1044.1,3841.9,287.99,2936,216.9,92.931,1132.1,2988.5,340.85,2835,150.13,106.68,1026.7,2331.3,161.76,3170.7,316.83,2911.2,257.4
75906,275.77,1324,4151.9,372.77,2984.3,259.12,93.173,1543.7,3035.1,422.53,2925.9,188.62,110.75,1272.7,2295.7,184,3243,405.58,2947.8,306.15
76206,264.79,1339,4146.9,395.83,2899.4,263.14,91.922,1599.2,2918.8,414.5,2886.7,200.84,109.37,1339.6,2308.5,188.41,3130.3,416.65,2822.2,312.6
76506,278.96,1081.7,5086.1,327.59,3226.5,210.63,94.447,1340,3269.1,323.66,3172.4,161.06,108.86,1104.3,2601.6,162.8,3692.7,353.46,3164.7,250.22
76806,264.61,1368.1,4925.6,416.08,2922.2,253.56,77.35,1548.2,2968.7,391.5,2970.1,210.4,95.513,1297,2452.2,201.49,3483.7,431.86,2930.9,297.24
77106,248.21,1251.5,5173.6,413.48,2964.1,241.53,86.356,1722.2,3087.3,378.3,3096.7,202.27,97.029,1247.9,2531.5,184.49,3657.2,425.1,2926.9,283.79
77406,261.28,1025.1,5822,350.41,3180.3,199.96,87.751,1421.9,3116.5,291.29,3143.5,161.67,84.572,1007.9,2471.1,148.6,3804.4,358.57,3068.8,223.72
77706,287.96,1235.2,6917.8,420.34,3664,239.1,106.69,1821.5,3616.8,350.34,3618.6,204.34,90.148,1264.8,2684.6,167,4332.1,437.23,3507.1,267.75
78006,250.49,1336.8,6798.4,475.08,3370.2,256.57,79.168,1826.5,3317.7,383.11,3342.5,227.02,81.602,1495.5,2508.7,182.14,4164.1,472.98,3326.6,290.19
78306,209.86,891.94,5906,323.56,2930.4,176.77,54.064,994.95,2510.7,228.48,2753.4,143.33,57.703,841.05,2194.7,134.32,3283.6,320.42,2693.9,197.02
78606,251.46,1199.6,7780.5,446.44,3932.4,226.46,85.775,1728,3668,317.6,3856.3,198.88,75.088,1310.2,2695.9,155.21,4579.3,440.39,3702.4,267.77
78906,209.72,1034.9,7148.9,374.52,3464.8,205.11,70.795,1476.3,3221.5,266.72,3254.7,164.63,62.79,1116.2,2549.8,142.42,4000,377.57,3161.9,227.08
79206,228.86,1234.5,8320.5,462.79,4025.6,232.54,81.453,1954.2,3956.8,324.49,3829.1,202.43,75.475,1418.5,2773.8,158.94,4802.9,455.83,3638.9,260.5
79506,198.75,1097.7,7250.4,393.29,3590.7,209.96,73.523,1772.5,3283,265.91,3412.9,178.61,57.305,1099.5,2529.9,154.5,4076.3,382.72,3178.5,236.17
79806,172.39,949.02,7331,368.47,3392.7,186.24,68.684,1628.9,3094.2,229.09,3260.2,157.11,46.795,1079.8,2500,145.64,3959.8,349.67,3027.2,207.25
80106,189.18,1216.5,8669.5,517.18,4169.1,236.36,78.154,2265.3,4089.6,315.69,4087.6,215.32,55.264,1526.8,2963.9,184.73,5075.1,466.85,3780,275.15
80406,131.7,853.36,7169.8,344.14,3097.2,165.43,56.707,1533,3040.7,208.07,3129.2,145.53,39.051,993.24,2494,139.26,3598.3,318.06,2690.3,194.99
80706,160.32,992.26,8814.2,419.96,4009,181.83,72.679,1856.8,3943,233.46,4067.7,162.16,49.605,1198.1,2965.6,150.9,4815.5,368.17,3616.7,217.33
81006,154.75,1196,9425.9,533.1,4321,215.98,68.597,2353.6,4400.1,292.19,4503.2,202.59,56.242,1465.3,3326.9,176.16,5094.7,443.26,3868.9,258.43
