0,31.427,92.866,24.141,81.896,14.44,66.231,4.1594,35.48,7.5664,33.904,114.72,4667.3,39.622,97.711
258,38.283,97.939,31.943,83.02,21.647,66.765,8.4086,37.172,12.011,38.475,118.62,4917.1,38.647,103.41
498,31.217,96.763,30.166,85.159,20.311,64.752,2.2829,35.797,5.0233,31.539,120.44,4993.5,37.398,103.78
738,31.664,98.876,27.797,80.745,16.852,61.752,5.2512,36.455,8.0223,33.63,115.47,3197.9,37.654,105.37
978,29.716,100.87,31.027,86.629,18.853,61.845,8.7395,38.455,10.211,33.096,136.49,2264.8,37.643,107.59
1218,34.595,98.337,30.719,83.19,20.169,68.354,8.3061,42.506,9.5335,39.737,146.38,4669.3,35.689,103.46
1458,33.798,99.073,31.664,84.202,17.408,64.652,6.171,37.727,7.2017,38.268,141.96,4747.1,38.01,99.313
1700,31.987,96.903,30.798,81.78,22.076,65.95,6.1193,34.754,10.046,36.241,162.21,3768.6,37.247,101.69
1938,31.084,97.498,30.078,82.189,15.127,59.659,6.6554,32.319,8.1146,35.78,171.54,465.51,37.333,103.47
2178,34.744,97.04,37.108,81.168,22.163,60.816,8.2981,36.659,9.6714,43.837,196.83,4476.1,40.538,102.95
2418,37.509,104.63,32.737,85.058,21.473,66.987,7.0716,40.333,7.7045,56.743,201.11,4236.2,36.927,103.77
2658,31.981,102.29,30.004,81.538,20.586,62.016,7.4769,37.265,14.933,66.877,200.65,2016.4,34.601,102.9
2898,33.423,101.46,35.544,83.606,24.54,64.381,6.5198,39.624,15.776,85.877,217.97,3756.9,37.369,99.712
3138,44.579,158.19,35.705,87.104,22.435,67.438,9.2733,40.045,31.659,129.88,220.34,3910.4,33.951,103.71
3378,45.431,208.68,32.952,83.898,23.067,66.792,7.6324,41.587,109.12,353.08,173.08,3637.2,35.294,105.99
3620,65.937,297.82,40.043,81.875,24.089,63.131,11.023,42.996,493.74,1175.1,181.04,2989.1,32.724,97.465
3858,207.44,973.87,35.575,84.008,20.313,65.674,10.316,42.404,985.51,2245.1,200.95,2963.4,34.838,101.35
4098,474.95,1867.4,29.923,83.915,20.242,65.009,5.5404,41.367,1200.5,2518.3,176.59,2944.2,38.129,102.36
4338,682.13,2660.8,36.258,84.443,23.261,62.625,5.3774,38.97,1167,2578.4,185.84,2614.4,34.514,105.14
4578,657.4,198.65,33.51,206.39,22.16,177.07,5.1476,80.302,1030.9,35.587,172.35,-143.09,34.814,166.79
4818,716.45,2502.5,35.63,88.532,23.908,65.4,8.2104,41.681,1116.4,2237.6,183.33,2554.7,36.668,107.97
5058,639.52,2446.1,36.93,87.655,21.217,64.454,3.4797,40.769,993.2,2186,149.94,1692.2,35.415,102.75
5298,577.43,2167.4,37.391,88.391,19.176,64.41,7.5695,40.125,930.83,2016.3,143.81,2383.5,29.708,101.75
5538,594.88,2074.8,42.982,94.816,22.664,62.455,5.9297,41.512,975.19,1920.6,139.86,2241.1,33.742,100.06
5778,537.11,2035.9,53.1,101.52,21.649,63.681,8.1225,40.431,869.86,1887.4,131.78,1586.4,33.441,105.21
6018,456.43,1932.9,118.95,149.81,20.191,62.712,5.9364,35.529,741.84,1761.9,114.66,872.44,33.108,100.78
6258,454.61,1728.3,594.74,420.85,23.454,62.459,9.9334,42.076,748.51,1557.3,118.94,1879.8,38.731,104.3
6500,423.29,1677,1114.1,686.7,22.924,63.012,5.0756,38.16,675.36,1516.9,110.07,1809.3,31.077,102.35
6738,398.97,1454.3,1138.4,634.48,20.257,62.681,3.9679,38.822,633.85,1246.1,62.569,1572.6,36.317,97.048
6978,356.66,1538.5,1061.7,651.19,24.456,60.369,6.7897,33.335,584.6,1390.1,97.676,763.52,36.979,99.598
7218,311.83,1418,961.16,598.9,20.62,63.889,5.2962,38.707,491.95,1219.1,92.195,1604.8,34.989,105.57
7458,322.81,1379.5,993.09,585.64,23.504,61.7,6.6897,38.643,499.38,1169.3,76.945,1379.7,38.464,104.52
7698,274.28,1363.3,921.53,573.89,21.473,65.954,7.3712,40.765,444.17,1159,81.503,894.73,34.121,110.51
7938,252.96,1162.9,886.13,513.03,23.631,64.991,7.1707,40.966,388.86,938.35,77.234,1249.9,36.175,101.57
8178,245.85,1162.7,921.47,514.49,23.42,62.562,3.6226,38.482,366.48,964.53,67.888,1264.1,33.663,103.18
8418,225.23,1107.6,938.1,508.62,21.62,65.181,6.6059,41.464,334.14,922.65,69.792,1178.4,36.875,106.96
8658,189.87,1111.2,916.17,512.65,22.064,63.429,4.0929,39.108,266.44,895.84,64.976,574.57,39.549,102.88
8898,188.58,1001.2,1029.9,485.49,24.633,65.233,6.9813,40.176,279.01,762.5,62.355,1007.9,41.866,104.04
9138,179.57,1001.3,1067.6,479.38,25.449,67.586,10.216,37.611,250.84,735.68,59.562,1005.9,47.933,113.22
9378,178.14,1042.6,1150.2,487.42,29.454,65.619,4.9778,35.074,230.3,740.56,61.515,613.5,143.08,253.97
9618,159.56,966.48,1122.8,458.31,44.722,94.779,8.3268,39.546,207.36,691.44,62.6,516.04,678.88,760.24
9860,142.75,989.62,1136.8,451.6,406.29,274.67,5.676,39.657,177.14,641.23,58.292,926.81,703.71,765.63
10100,153.3,945.31,1232.2,437.85,647.95,369.19,6.4435,40.545,161.29,632.14,49.393,879.65,712.62,731.02
10338,142.42,1002.6,1230.8,448.21,765.74,435.08,5.6831,31.11,157.47,670.49,57.909,368.7,682.8,775.82
10578,131.45,909.03,1216.3,417.59,775.07,413.74,11.74,39.467,136.03,629.47,57.256,332.41,631.49,704.41
10818,138.13,867.62,1305.2,394.86,850,388.37,10.589,43.101,139.47,573.05,59.166,784.19,641.82,638.6
11058,131.16,895.34,1358.7,405.95,902.22,405.13,16.29,49.933,127.82,569,58.45,791.52,597.87,656.99
11298,138.59,884.19,1490.4,392.46,1050.1,411.2,60.394,104.54,136.95,577.87,40.523,443.42,654.94,665.49
11538,138.64,872.36,1494.1,390.09,1068.6,401.63,203.53,236.55,137.49,554.63,56.482,351.55,598.29,641.22
11778,147.97,805.36,1538,376.8,1101.5,364.54,338.52,317.22,130.3,496.55,66.403,743.36,588.22,590.26
12018,164.39,811.47,1726.4,375.73,1246.3,354.04,361.89,318.79,144.04,502.76,54.278,760.49,629.83,582.22
12258,357.18,342.7,285.2,273.95,187.18,184.14,44.094,34.166,6.5713,-2.5777,-5078,-5509.3,394.38,363.94
12498,220.13,742.62,1796.3,346.58,1468.2,358.9,379.7,287.2,162.67,429.04,72.092,673.32,570.67,495.58
12740,247.41,779.11,1942.1,347.52,1698.5,380.49,448.49,294.67,172.92,446.13,66.102,602.2,620.74,535.15
12978,259.49,717.09,1847.7,319.2,1695.8,358.74,409.76,270.58,194.62,416.83,79.227,386.26,587.09,494.2
13218,273.8,757.19,1935.6,328.78,1800.7,381.42,421.39,273.11,183.43,391.4,76.527,132.74,621.57,526.54
13458,327.99,732.03,2233.3,330.79,2062.1,373.26,492.85,258.01,225.19,385.56,79.456,616.49,736.01,514.46
13700,350.56,663.28,2172,303.06,2088.5,350.82,527.98,245.78,255.68,368.85,86.017,431.17,767.77,486.39
13940,263.93,477.1,1833.1,272.18,1747.3,305.56,448.17,211.25,219.77,310.24,65.167,207.57,793.04,492.53
14178,438.34,635.86,2321.5,301.35,2222.5,328.29,610.14,227.39,330.44,351.22,111.55,551.71,903.94,483.47
14420,493.23,648.65,2522.6,320.09,2257.9,327.37,645.04,226.7,353.98,345.08,121.37,541.37,977.41,488.64
14658,553.23,627.35,2700.6,322.66,2373,321.17,738.98,223.75,377.88,329.78,123.25,429.06,1060.8,476.53
14900,576.92,630.13,2637,320.38,2481.3,326.45,767.34,220.26,419.71,336.71,149.47,270.81,1064.6,489.02
15138,586.57,582.47,2493.9,299.6,2570.6,318.86,794.81,200.47,429.78,300.55,155.75,446.6,1079.1,430.05
15378,675.79,588.17,2765.4,305.42,2851,317.06,935.95,206.4,536.11,316.41,181.68,440.88,1224.7,441.85
15620,755.87,592.29,2773.5,307.92,2970.2,323.01,982.14,206.67,573.7,306.29,207.06,335.1,1264.9,447.82
15858,742.19,618.81,2697,320.42,2881.4,323.78,973.96,205.84,554.6,300.82,214.07,117.72,1297,465.76
16100,836.77,539.69,2850.9,296.26,3050.2,293.17,1137.3,187.23,673.73,278.65,275.04,392.76,1383.4,410.23
16338,859.45,548.19,2905.3,300.26,3197.1,304.1,1255.6,193.06,721.46,276.53,308.38,398,1490.8,422.41
16578,889.99,504.65,2965.9,287.5,3233.4,289.82,1368.1,188.95,767.13,258.66,212.47,152.38,1482.7,394.05
16818,904.05,473.02,3103.3,286.27,3267.8,271.14,1460.6,174.72,829.87,240.5,348.32,336.89,1538.8,370.27
17058,901.29,487.25,3255.2,307.51,3241.3,279.09,1533.6,194.71,894.38,254.52,379.29,351.08,1504.7,375.66
17298,980.56,492.44,3564.6,321.07,3277.2,270.04,1667.5,193.36,984.69,260.31,354.48,339.25,1610.9,372.52
17538,919.18,468.58,3474.4,317.06,3175.1,273.5,1762.7,201.12,995.33,248.65,433.68,197.35,1550.9,362.64
17778,937.04,443.68,3472.6,305.44,3257.9,263.38,1852.4,188.34,1048.3,232.9,465.09,303.89,1595.7,338.85
18018,1026.9,448.97,3816.3,319.64,3483.6,271.04,2084.8,195.89,1237.2,239.87,474.11,302.55,1790.4,345.16
18258,974.73,429.29,3683.7,304.56,3338.1,261.98,2152.2,193.04,1315.1,239.41,582.4,272.51,1684.7,329.45
18498,979.65,431.51,3596,321.54,3233,279.21,2103.1,200.43,1269.7,255.99,574.66,118.85,1792.7,354.29
18738,1063.8,406.51,3784.9,298.86,3379.3,259.57,2364.7,195.32,1439.2,229.24,689.43,273.47,1796.1,314.16
18978,1062.2,400.14,3906.5,302.18,3355.2,264.56,2416.1,199.39,1504.4,239.18,735.66,280.39,1819.9,328.97
19218,1146.1,398.45,4090.7,305.99,3528.3,275.04,2649.1,208.2,1648.7,247.61,803.37,254.45,1944.4,333.24
19460,1046.5,393.74,3945.2,307.67,3404.6,276.24,2629.2,207.13,1611.3,242.56,906.4,166.12,1894.3,349.85
19698,1027.2,359.44,3947.6,296.2,3349.1,255.51,2626.3,198.42,1654.7,223.93,956.79,265.29,1923.8,324.85
19938,1109.6,355.18,4191.4,293.3,3623.1,256.2,3039.3,211.64,1896.1,229.4,1103.3,269.85,2124.9,337.57
20178,1110.2,356.58,4282.3,313.59,3678.7,266.19,3113.4,220.43,2025.6,237.01,1132,181.96,2264.5,362.75
20418,1087.8,358.6,4080.7,311.49,3636.3,263.32,2958.1,220.76,2038.6,235.68,1150.8,142.07,2228.9,373.77
20658,1201.9,338.53,4185.1,296.92,3829.6,252.02,3242,210.65,2259.2,222.79,1309.7,255.8,2380.7,359.27
20898,1233.6,341.09,4220.5,302.92,3955,251.66,3288.6,221.31,2277.4,226.12,1307.2,258.66,2562.4,392.22
21138,1216.8,304.07,4111.7,275.15,4015.3,238.21,3449.2,204.01,2417.2,203.98,1405.7,230.46,2670.8,362.37
21378,1198.4,290.99,4040.2,276.1,3902.3,234.87,3490,207.54,2423.4,201.4,1568.6,242.82,2770.5,374.2
21620,1262.9,308.81,4038.2,284.55,3977,244.71,3498.1,215.74,2483.5,222.8,1611.9,258.74,2941.4,413.67
21858,1294.9,304.92,4094.1,288.78,3964.6,242.72,3651.6,233.66,2620.9,227.05,1380.2,187.14,3340.1,437.38
22098,1221.9,276.66,3886,265.05,3603.7,220.83,3718.1,221.01,2384.9,195.19,1859.9,235.22,3274.1,394.07
22338,1266.2,293.93,3825.1,279.68,3632,222.65,3818.7,246.26,2766.8,223.93,1924.4,247.16,3606.9,437.27
22578,1375.8,299.98,3890.3,277.29,3792.2,232.15,4164,268.84,2884.6,236.6,898.09,148.08,4037.5,481.72
22820,1301.4,296.49,3802.8,286.14,3716.1,240.8,3993.3,268.73,2801.1,235.93,1958.5,64.768,4030.3,497.76
23058,1206.2,283,3633,277.06,3637,243.24,3941.2,261.17,2768.5,232.66,1989.8,249.12,4074.5,476.92
23298,1240.6,284.99,3698.7,275.67,3806.1,257.71,4074.8,264.63,2979.9,246.23,1779.7,204.56,4536.1,504.28
23538,1102.3,283.54,3393.1,277.68,3490,267.49,3735.9,267.41,2661.6,243.15,1916.7,157.5,4393.6,529
23778,1023.4,281.09,3190.3,271.06,3276.4,275.26,3573.8,260.23,2590.1,236.09,1853.3,96.374,4435.7,544.48
24018,1069.7,280.71,3311.2,264.33,3391.5,280.01,3703.2,248.73,2688.2,231.94,1796.8,246.65,4906.2,547.91
24258,370.71,160.45,294.99,102.26,194.41,76.946,47.153,47.456,-2757.1,-196.67,-5051.7,-393.41,404.82,216.87
24498,874.55,270.1,2888.8,272.38,2813.6,284.45,3085.6,241.22,2275.5,220.81,1752.6,38.241,4435.4,570.83
24738,897.67,272.28,3033.3,280.56,2876.3,284.91,3218.6,236.54,2405.8,216.59,1826.5,243.75,4844.3,578.32
24978,879.49,274.79,2834.5,265.11,2751.2,288.64,3366.8,248.95,2358.9,212.94,1824.2,164.41,4715.1,585.75
25220,784.45,270.3,2515.3,268.14,2421.1,286.12,2947.3,249.03,1954.7,206.09,1623.1,106.53,4533.2,608.8
25458,800.9,253.72,2555.3,253.73,2458.3,264.59,3081.4,230.77,2086.2,188.71,1759.1,224.26,4464.5,554.08
25702,739.08,256.39,2239.5,254.43,2249.2,275.06,2744.3,238.93,1901.9,199.89,1549.9,131.1,4426.8,586.18
25938,783.03,239.29,2255.3,248.95,2208.2,253.34,2739.4,221.27,1948.3,191.57,1682.7,223.87,4300.7,542.4
26178,881.03,238.09,2465.2,247.64,2346.8,251.41,2928.3,220.41,2069.1,189.62,1629.4,213.67,4599.5,556.14
26418,886.99,238.49,2446.4,254.07,2142.3,244.48,2787.3,224.74,2005.8,193.45,1811.5,157.6,4649,609.17
26658,867.83,226.39,2354.1,252.13,2069.7,243.33,2576.3,222.08,1865.1,186.81,1737,108.12,4563.7,588.14
26900,972.48,217.07,2613.3,237.84,2206.3,228.09,2734.3,197.73,2055.5,169.35,1953,201.14,4621.3,525.88
27138,1115,221.97,2643.9,244.53,2266.6,220.92,2676.7,204.08,2039.1,178.35,2003,201.42,4630.3,552.9
27378,1260.5,238.36,2982.8,256.33,2434.9,228.23,2892.5,212.98,2209,181.52,1768.5,113.02,4887.1,563.35
27618,1231.6,246.8,3046.7,279.01,2370.1,231.23,2542.8,208.47,2049.9,186.04,2223.2,132.16,4547.4,572.32
27858,1256.9,234.39,3146.3,261.27,2417.2,214.53,2686.4,197.7,2191.3,175.98,2318.4,203.04,4315.3,496.93
28098,1399.1,238.39,3464,270.5,2605.7,222.6,2901.8,200.9,2295.1,179.65,2374.8,203.36,4554.4,506.94
28340,1430.9,257.72,3480.8,268.18,2617.1,225.37,2863.3,205.54,2322.7,181.15,2510.4,71.178,4413.4,522.96
28578,1397.2,269.68,3348.4,271.41,2510.1,230.59,2639.9,207.99,2138.6,181.34,2385,100.27,4267.9,529.29
28818,360.66,339.18,295.97,278.68,184.87,166.94,45.81,35.736,-2278.6,-2489.4,-5064.9,-5538.9,400.07,366.97
29058,1560.9,272.01,3561.3,259.56,2536.5,211.24,2742.1,191.2,2352.2,176.18,2497.1,140.13,4270.5,478.25
29298,1555.7,305.96,3381.6,272.32,2382.7,222.06,2481.8,196.69,2129.9,178.62,2545.2,100.93,4010.5,515.28
29538,1702.7,305.82,3574.8,267.46,2433.4,214.48,2492.7,189.43,2169.6,179.73,2633.2,203.83,4136.8,503.89
29778,1696.4,304.71,3586.4,259.48,2344.1,213.85,2486,188.82,2181.1,176.16,2716,199.51,3895.9,478.64
30018,1735.6,314.48,3651.5,272.46,2417.6,216.16,2488.2,187.99,2208.7,184.8,2451.8,146.62,3790.5,488.64
30258,1605.3,302.91,3292.8,253.4,2168.9,202.9,2265,172.33,2017.5,168.31,2562.4,196.45,3355,431.61
30498,1533.2,295.95,3110.4,250.76,2039.3,201.18,2134.9,171.22,1929.5,165.95,2471.3,188.34,2973.6,405.66
30738,1656,304.64,3135.4,248.67,2094.8,198.85,2220.9,167.03,1947.6,165.99,2253.3,185.7,2932.1,406.56
30978,1555.9,282.83,3020,240.57,2140.5,203.39,2085.3,158.81,1777.6,152.23,2352.6,178.68,2745.6,387.7
31218,1493.9,293.03,2699.4,232.69,1890.1,203.04,1945,159.57,1684.5,153.5,2200.4,41.353,2476.2,393.7
31458,1805.5,303.29,2991.6,241.95,2149.3,209.96,2145.4,165.19,1825.1,159.24,2463.4,185.33,2751.3,398.99
31698,1818.4,305.69,2971.4,233.77,2122.1,210.27,2129.7,159.29,1867.3,157.73,2474.6,139.88,2613.3,395.52
31938,1837.5,301.21,2689.5,228.08,1955.7,199.45,2038.1,155.69,1793.6,154.51,2395.6,98.621,2407,387.76
32178,2176.2,289.02,2936.8,224.98,2087.3,190.23,2171.7,141.73,2025.4,145.22,2695.9,173.35,2577.3,350.78
32418,2400.1,301.87,3073.5,233.9,2165.1,196.63,2234.3,151.17,2112,149.44,2836.4,182.11,2593.1,361.03
32658,2815.4,323.32,3279.1,247.94,2403.7,197.12,2354.7,151.44,2306.5,155.36,2749.2,161.83,2754.8,374.6
32898,2912,340.83,3129,247.64,2344.7,201.85,2179.6,151.6,2289.9,159.92,3092.3,111.52,2898.1,400.81
33138,3088.4,339.69,3018.4,243.46,2374.8,197.71,2204.6,150.78,2308.6,161.37,3120.9,209.61,3089.1,389.65
33378,3450.1,333.1,2931.9,225.06,2504.6,189.6,2341.7,144.69,2541.1,150.99,2899.1,197.85,3117.5,352.88
33618,3732,362.83,3035,234.75,2639.6,207.12,2474.1,156.5,2717.5,156.56,3467.8,183.07,3384.1,379.74
33858,3704.9,354.8,2901.8,236.65,2505.2,205.28,2322.1,155.56,2595.6,151.04,3402.5,206.73,3422.3,359.26
34098,3977.9,370.86,2957.4,237.63,2658.6,216.93,2511.7,157.28,2712.4,150.17,3716.1,209.45,3395.7,365.72
34340,4091.8,402.5,2954.2,249.49,2687.3,220.62,2557.3,167.48,2691.5,152.66,4132.5,246.49,3326.1,376.22
34578,3992.3,350.69,2795.9,216.82,2624.8,199.26,2518.8,138.88,3025.1,140.51,2388.8,205.03,3097.7,304.1
34818,4048.6,425.59,2924.4,253.05,2638.2,224.6,2423.7,166.62,2946.7,173.37,4044.3,78.782,3127,375.38
35058,3775,373.03,2732.6,237.37,2461,209.68,2338.5,151.05,2831.6,153.3,3880.4,219.96,2834.2,312.91
35298,4110.5,417.2,3025,263.84,2630.9,230.44,2504.1,166.87,2948.7,168.09,3371.6,203.56,3414.8,370.72
35540,3773.3,432.64,2860.9,271.05,2395.2,236.12,2282.5,176.98,2635.9,164.9,3696.8,176.19,3087.6,372.68
35778,3706.7,425.1,2785.3,266.3,2319.6,229.61,2258.6,170.95,2604.9,158,3600.8,185.98,2957.9,354.19
36018,3735.8,397.96,2867.8,264.77,2349.1,218.4,2381.8,168.12,2625.1,149.51,3683.9,214.9,2968.9,333.02
36260,3597.4,404.86,2729.5,263.71,2253.9,216.9,2297,169.82,2530.2,149.96,3630.6,211.23,2910.9,334.49
36498,3213.4,410.88,2606.9,269.3,2083,219.28,2107.7,171.29,2247,153.39,3360,141.27,2650.9,334.72
36738,3340.2,356.55,2826.9,253.03,2103.9,196.95,2342.5,149.36,2472.3,138.01,3729.7,197.86,2600.1,297.25
36978,3312.9,375.1,2928.3,274,2109.4,202.11,2261,160.59,2392.5,144.25,3777.1,211.72,2621,313.31
37218,3564,392.52,3178.4,290.65,2254.7,205.23,2457,161.57,2396.6,140.95,3387.8,165.97,2514.1,313.62
37458,3434.2,397.69,3357.9,301.95,2249.5,216.37,2496.3,168.36,2303.9,141.99,3590.4,118.05,2378.6,315.16
37698,3220,335.39,3337.2,278.57,2168.1,195.84,2474.2,153.32,2422.7,135.51,3435,183.43,2237.4,267.4
37938,3580.9,360.38,3905,297.86,2373.2,204.36,2785.9,168.87,2692.3,145.08,2831,192.72,2521.4,299.38
38178,3428.2,360.72,4084,312.48,2384.1,212.32,2816.7,174.93,2753.9,150.11,3702.1,97.554,2447.8,312.59
38420,3095.9,312.24,4201.6,296.12,2302.2,191.76,2788.5,160.16,2760.8,143.96,3615,176.83,2450.7,280.06
38658,3287.7,340.91,4753.1,327.07,2478.6,204.26,2853.6,176.01,2878.3,158.85,3769.5,188.4,2540,307.62
38898,3136.4,325.38,4996,312.97,2287.5,190.27,2915.4,165.36,3005.8,150.28,3728.3,171.71,2409.6,292.99
39138,3594,371.46,5847.6,358.4,2594.5,215.41,3088.2,182.97,3085.8,167.18,3203.2,117.56,2734.4,338.03
39378,3326.6,374.65,5744.1,350.63,2485,210.58,2904.6,177.5,3144.9,168,3806.9,83.809,2530.8,341.56
39618,3638,385.49,5662.9,328.93,2499.5,207.29,2816.9,170.9,3086.1,159.11,3736,174.32,2374.2,313.42
39858,4006.5,411.71,6349.6,336.58,2657.7,203.56,3116,178.28,3451.6,164.6,3058,177.93,2621,320.88
40098,3745.9,403.46,6087.8,334.71,2477.5,202.63,2949.7,186.32,3148.3,160.02,3646.9,175.46,2403.6,312.47
40340,3607.8,433.63,6023.5,354.16,2369.8,209.75,2894.2,196.79,3048.4,165.7,3447.3,20.709,2294.9,342.24
40578,3771.6,404.06,6451.6,335.77,2418.4,201.67,3097.1,188.19,3329.5,161.63,2990.7,171.62,2384.9,320.99
40818,3537.8,417.09,6515.3,349.38,2286.8,201.26,2969.1,192.06,3051.8,161.09,3452.6,177.92,2274.9,333.2
41058,3261,427.56,6194.8,349.03,2154.2,201.13,2720.3,190.16,2882.7,161.3,3259.8,76.955,2174.9,332.6
41302,3436.6,421.48,6606.5,358.64,2308.8,200.92,2912.9,185.45,3029.1,156.51,2430.2,160.9,2254.6,320.99
41538,3160.1,373.51,6122.4,332.03,2242.3,193.34,2643.4,165.72,2815.1,143.07,3027.8,153.92,2075.6,285.56
41778,3060,419.86,5986.7,349.69,2204.7,210.31,2509.9,177.15,2601,146.26,2887.5,11.625,1941.1,319.16
42018,3420.2,397.29,6443.4,340.04,2314.3,206.61,2671.3,174.28,2804.5,148.32,2742.5,157.23,2040.6,287.26
42258,3172.7,400.31,5932.3,336.09,2203.8,209.81,2447.7,171.25,2475.3,147.36,2758.2,93.85,2066.1,296.96
42498,3278,402.16,5792.3,340.03,2202.1,217.5,2439.7,175.98,2532.1,149.11,2617.7,73.394,2030.4,294.76
42738,3574.1,393.4,5795.1,328.7,2382,217.62,2605.9,172.48,2608.5,145.14,2638.7,142.07,1924.6,260.85
42980,3773.3,389.19,5734.1,323.94,2452,213.3,2645,175.84,2617.4,145.22,2630.1,137.19,2296.7,279.74
43218,3816.3,373.75,5661,301.49,2534.7,206.62,2702.1,164.59,2641.1,145.61,1919.8,84.606,2236.1,260.61
43458,3914.6,395.42,5564.6,313.79,2679.1,213.79,2779.6,184.74,2589.3,148.13,2664.8,87.404,2366.6,274.37
43698,3923.8,382,5296.8,302.14,2863,222.92,2724.2,185.42,2400.1,144.77,2513.5,136.52,2313.3,257.21
43938,4365.7,385.31,5334.5,289.3,3228.7,235.75,3011.6,189.13,2620.8,146.67,2625.5,138.33,2615.1,259.41
44180,4225.2,393.56,5252.4,293.45,3350.4,258.73,3096.1,203.73,2618.4,152.71,2856.1,88.687,2812.3,283.63
44418,3987.6,378,4642.6,270.23,3170.3,247.71,2851.1,191.58,2345.1,143.2,2618.6,56.916,2543.9,259.58
44658,4340.4,411.05,4751.2,278.96,3481.6,275.35,3030.1,207.51,2385.9,150.59,2734.2,151.57,2524.9,247.42
44898,4263,384.36,4628.8,261.31,3494.8,268.61,3155.5,201.78,2377.1,146.54,2869.9,141.54,2865.5,261.86
45138,4773,425.9,4763.3,273.07,3778.5,296.49,3422.5,219.16,2521.5,145.91,2918.8,55.209,2920.3,273.25
45378,4410.1,440.39,4402.5,272.77,3660.6,307.43,3222,229.44,2286.6,147.42,2805.5,54.908,2744.5,277.28
45618,4137.2,404.13,4022.9,259.33,3581.8,295.61,3316.2,207.21,2221.8,142.8,2725.1,143.06,2653.3,245.45
45858,4365.4,414,4029.1,257.55,3716.6,293.45,3321.1,205.09,2260.3,144.85,2063.6,149.7,3010.2,261.42
46098,3983.7,446.09,3675.8,276.08,3461.5,317.92,2935.7,210.44,2100,156.29,2816.9,84.174,3046.6,305.82
46338,3748.3,419.49,3546.9,263.6,3351.6,312.79,2814.2,200.92,2112.5,145.76,2811,47.012,3216.5,315.38
46578,4001.6,423.39,3618.4,264.95,3594.7,307.56,2912.3,193.08,2269.7,147.13,2368.7,159.38,3222.4,293.69
46818,3856.2,431.52,3515.7,272.75,3425.3,309.96,2685.8,186.13,2246.9,153.57,2787.3,111.02,3067.9,304.69
47060,3505.6,433.5,3171.4,266.07,3207.5,301.23,2390,179.24,2017,155.22,2535.1,86.157,3165.3,306.6
47298,3611.3,425.48,3174.1,259.89,3382.9,302.1,2376.5,167.39,2134.7,135.19,2587.2,1.3923,3165.7,319.89
47538,3613.8,392.85,3100.3,245.97,3344.1,284.63,2302.4,153.87,2186.1,151.33,2599.7,140.23,3032,287.65
47778,3883.6,430.12,3242.4,262.67,3417.4,286.61,2291.4,159.38,2369.1,164.04,2043.5,123.71,3355.8,300.35
48018,3899,450.6,3159.5,260.92,3360.5,296.19,2109.1,155.26,2269.8,155.82,2499.7,63.845,3272.4,305.78
48258,3953.2,432.94,3092.1,250.07,3189.2,263.61,1965,145.23,2227.3,151.96,2460.2,135.35,3185.4,288.37
48498,4482.6,456.9,3382.8,260.94,3376.3,267.81,2070,151.81,2540.8,161.88,2630.8,139.02,3416.5,302.3
48738,4950.8,481.24,3431.7,257.58,3370.4,262.7,2013.2,155.29,2548.8,153.46,2686.2,58.876,3397.9,314.11
48978,4360.7,389.47,3221.2,246.69,3256.4,246.29,1871.3,151.45,2494.5,147.54,2691.1,149.13,3245.3,297.22
49218,4554.7,383.11,3348.6,238.83,3394.3,237.09,1942.9,142.56,2840.3,148.55,2822.5,142.15,3308.3,282.48
49460,4916.7,417.49,3470.2,257.48,3450.4,244.45,2079.2,156.94,2994.9,152.2,2986.8,61.168,3456.4,310.42
49698,4842.3,406.66,3369.1,254.42,3419.4,240.76,1938.3,155.8,2870.7,148.53,2894.9,155.85,3343.7,293.61
49938,5065.5,434.78,3460.3,258.27,3640.2,250.65,2028.2,160.61,3210.4,154.38,3159.8,165.14,3440.6,311.07
50178,5325.7,445.13,3594.3,259.1,3713.7,245.59,2082.1,161.43,3314.4,154.06,3317.9,153.25,3525.6,307.95
50418,5593.6,413.42,3668.1,244.19,3681.2,230.71,2150.4,150.93,3356.7,138.8,1557.8,153.19,3696,286.84
50658,5512,474.52,3527.3,259.36,3469.9,238.07,2058.8,162.91,3290.3,151.35,3335.5,61.731,3503.2,329.97
50900,5403.9,459.5,3404.9,259.14,3311.8,225.06,1963.7,158.69,3157,146.06,3183.9,157.26,3437.6,314.37
51138,5659.7,464.47,3596.3,254.25,3405.9,220.31,2145.2,160.46,3257,147.69,2718.7,160.09,3822.9,328.42
51378,5255.3,428.74,3389,243.3,3051.5,199.67,1924.7,145.35,3095.2,135.39,3099.6,149.65,3427.6,294.54
51618,5313.1,442.46,3256.7,240.73,2874.9,193.52,1895,147.98,3029.7,141.27,3006.9,149.76,3465.3,318.6
51858,5299.5,459.19,3325.6,256.8,2986.9,206.74,1890.3,151.15,3018.5,141.48,3208.8,162.77,3455.4,326.91
52098,5072.9,443.93,3119.2,235.46,2928.2,204.33,1868.3,150.86,2975.6,147.84,3080.2,123.93,3359.1,316.59
52338,4679.2,475.87,2921,246.99,2718.6,206.7,1685.8,153.41,2611.2,145.58,2851,90.201,3251.8,339.73
52578,4750.6,429.71,2961.8,226.02,2619.6,189.1,1819.6,142.82,2788,131.1,2984.7,145.05,3164.9,305.85
52818,4725.8,443.71,2969.9,230.19,2660,188.63,1922.6,146.65,2818.2,141.2,3082.5,144.94,3295.2,319.98
53058,4574.2,448.21,3010.2,230.42,2700.9,195.03,2002.5,152.22,2827,143.75,2999.6,129.17,3346.6,339.31
53300,4288.1,469.09,2951.6,234.66,2620.1,194.09,2044.2,151.63,2760.4,148.48,3110.1,88.629,3171.5,357.19
53540,3998.9,428.63,2823,217.08,2574.2,184.73,2037.6,144.7,2672.7,135.94,3143.1,144.15,3003.1,326.21
53780,3973.1,436.35,3007.2,227.09,2724.3,184.93,2347,147.77,2969.9,151.41,3056.9,148.68,3232.4,343.25
