0,16.164,1114.5,16,1115,16,1115,16,1115,16,1115,16,1115,16,1115,16,1115,16,1115,16,1115,16,1115,16,1115,16,1115,16,1115,16,1115,16,1115
300,16,1148,15,1130,14,1159,15,1105,14,1141,16,1129,16,1095,14,1126,15,1137,12,1100,14,1103,15,1121,14,1134,15,1110,16,1142,12,1118
600,15,1147,19,1175,17,1191,16,1116,15,1162,17,1162,19,1100,18,1116,24,1135,11,1118,16,1139,16,1119,15,1148,14,1138,15,1198,14,1139
900,29,1126,24,1182,26,1230,30,1092,26,1193,37,1160,30,1122,23,1098,46,1150,18,1146,31,1112,16,1128,30,1172,27,1150,27,1214,20,1169
1200,42,1101,35,1196,42,1265,58,1090,51,1262,63,1146,55,1179,47,1110,75,1145,48,1168,70,1081,27,1106,66,1172,34,1141,39,1176,31,1209
1500,66,1103,55,1174,81,1271,121,1079,57,1268,86,1109,83,1189,57,1130,124,1129,69,1177,124,1042,50,1082,110,1147,42,1127,69,1132,47,1199
1800,103,1069,76,1179,125,1264,158,1031,78,1208,113,1061,147,1172,67,1140,160,1074,89,1172,168,1019,68,1030,130,1119,58,1126,95,1109,77,1165
2100,140,1026,100,1132,166,1219,191,982,89,1163,119,1018,189,1099,95,1108,205,1006,114,1141,194,963,87,1007,152,1051,83,1116,114,1077,116,1131
2400,183,970,103,1091,178,1183,243,939,99,1074,139,996,233,1029,134,1089,233,931,163,1106,243,927,121,978,162,992,123,1074,111,1064,122,1072
2700,232,916,121,1045,204,1127,271,890,115,997,160,953,243,967,152,1048,280,862,197,1043,270,859,137,937,175,925,146,1017,129,1022,139,1003
3000,264,863,143,1011,234,1072,295,844,150,934,174,902,257,917,179,978,312,795,220,1005,319,794,146,873,189,867,187,950,143,1010,147,936
3300,270,813,172,963,244,998,311,788,168,879,200,848,277,866,211,929,307,719,249,959,326,731,172,822,196,799,223,884,167,955,158,905
3600,286,772,186,918,250,924,337,730,213,802,233,789,319,804,228,868,323,660,261,895,374,689,219,769,209,765,250,808,175,899,179,871
3900,310,730,218,875,253,870,378,675,263,726,253,751,347,746,247,805,369,610,275,836,407,643,280,729,261,721,284,744,190,860,198,815
4200,364,689,264,810,246,822,444,628,334,664,287,694,358,702,240,781,419,572,304,781,456,589,310,676,317,672,325,672,215,818,232,778
4500,429,654,298,783,254,775,483,581,369,658,321,654,382,643,270,719,461,523,342,712,484,546,344,628,346,620,392,623,245,780,269,739
4800,514,610,318,740,252,730,530,532,427,613,360,628,401,593,304,676,522,460,377,673,530,513,371,589,387,579,401,579,278,727,305,683
5100,590,571,335,692,283,667,563,501,475,568,383,596,448,560,338,625,599,442,405,632,582,469,405,551,414,540,422,540,346,689,315,640
5400,598,530,338,648,327,628,632,467,522,515,428,558,488,530,356,583,642,420,425,582,635,435,458,506,459,496,487,502,368,667,326,605
5700,589,492,354,612,348,577,690,438,559,477,473,515,531,488,379,543,661,389,425,548,684,411,480,463,476,450,546,474,401,651,345,569
6000,632,455,364,579,350,546,774,425,623,448,539,490,570,442,405,503,688,369,469,516,728,382,509,444,533,436,579,450,429,614,404,520
6300,663,430,385,556,380,544,827,409,645,409,575,458,588,391,460,480,696,335,496,482,774,352,558,410,545,427,651,415,461,573,453,478
6600,687,408,417,535,398,512,856,384,685,375,628,426,650,356,479,455,730,318,528,436,827,325,595,402,554,404,691,398,496,536,490,444
6900,719,405,441,507,430,499,861,377,724,356,655,397,683,316,498,442,787,306,570,401,873,298,619,387,602,406,691,371,483,505,520,414
7200,743,401,445,481,446,459,848,360,770,338,695,364,706,278,521,437,837,286,605,381,912,281,651,393,632,404,675,331,465,460,568,393
7500,750,399,450,473,479,423,846,342,806,332,705,349,749,259,522,420,884,259,661,350,924,261,686,383,656,394,686,317,458,452,618,360
7800,749,404,456,462,515,386,831,322,804,303,721,325,815,238,535,384,935,225,692,332,958,248,760,365,658,367,696,316,455,441,639,328
8100,742,396,471,431,550,388,809,299,823,283,746,294,854,223,558,382,996,219,712,314,1034,240,789,352,666,342,730,306,454,439,651,301
8400,747,382,493,413,589,379,829,296,849,257,768,276,905,221,558,371,1049,209,720,289,1079,226,789,327,673,326,776,303,445,437,688,290
8700,739,353,507,399,606,364,877,289,892,237,765,270,948,223,569,371,1057,199,724,280,1081,204,786,312,699,329,818,309,445,438,725,282
9000,730,349,512,391,614,337,903,265,913,211,796,240,971,210,587,341,1089,181,742,262,1121,197,797,296,709,324,847,306,457,448,757,283
9300,708,354,516,386,642,327,915,243,930,196,855,231,1007,208,603,326,1100,164,761,255,1128,182,845,273,732,319,894,318,472,449,799,263
9600,730,333,539,381,655,331,939,232,979,185,916,227,1042,199,615,302,1131,147,786,255,1155,182,847,248,746,302,915,319,450,437,810,248
9900,708,323,550,379,656,304,931,210,998,173,964,224,1047,184,606,291,1182,144,808,252,1201,186,894,230,745,287,915,318,437,440,797,237
10200,716,313,563,371,672,298,930,196,1006,162,1008,229,1020,176,597,300,1257,146,806,231,1250,185,901,217,765,272,926,298,436,425,784,234
10500,692,310,585,353,689,272,947,187,1059,147,1027,216,1022,169,579,298,1309,141,791,213,1263,172,928,211,773,256,904,296,465,406,794,217
10800,660,304,605,348,716,251,990,185,1115,138,1042,215,1039,175,584,302,1359,132,822,201,1280,163,926,199,795,255,892,293,472,393,813,198
11100,655,306,631,348,732,234,1024,177,1217,138,1037,214,1053,174,565,290,1416,135,886,188,1309,145,960,193,775,252,872,265,480,375,849,181
11400,647,300,665,341,764,217,1085,172,1313,131,1050,193,1060,162,595,273,1485,142,901,180,1335,139,1001,189,801,246,865,245,483,371,914,161
11700,632,300,665,334,807,216,1093,166,1397,124,1097,180,1088,151,601,261,1538,126,965,163,1352,135,1074,194,807,242,856,231,499,371,998,149
12000,637,309,695,322,866,226,1115,163,1462,131,1168,178,1111,154,630,259,1579,122,1062,170,1409,144,1087,189,814,244,864,219,510,368,1048,137
12300,662,314,716,309,919,223,1121,154,1488,129,1231,168,1127,139,685,263,1611,116,1127,174,1453,146,1088,184,826,239,887,218,513,357,1119,132
12600,670,316,716,298,970,212,1154,146,1547,117,1311,158,1157,137,706,250,1655,112,1185,159,1484,148,1129,174,835,240,925,204,540,372,1210,141
12900,682,312,702,287,1003,196,1175,151,1601,111,1356,145,1190,144,767,239,1719,106,1236,155,1553,147,1169,170,882,228,966,196,530,387,1261,144
13200,677,306,722,282,1049,179,1200,141,1688,103,1364,137,1240,131,814,222,1760,107,1287,160,1549,140,1229,179,919,213,997,206,523,372,1316,138
13500,672,300,708,295,1042,176,1226,135,1785,112,1396,126,1287,129,850,209,1777,122,1313,165,1626,126,1263,184,932,196,1024,205,537,376,1372,142
13800,680,282,698,295,1074,185,1250,126,1767,116,1478,118,1327,131,868,203,1817,131,1316,173,1647,127,1303,197,952,183,1052,207,530,379,1457,141
14100,697,265,678,271,1119,181,1284,122,1773,113,1516,109,1374,121,880,194,1847,143,1381,154,1658,132,1359,197,975,190,1032,193,528,380,1473,146
14400,714,268,673,259,1130,178,1352,116,1805,118,1541,107,1436,111,920,198,1913,143,1432,140,1704,127,1388,199,1019,188,1075,188,526,388,1441,142
14700,707,271,685,244,1162,190,1385,117,1823,134,1619,98,1490,97,973,199,1906,148,1501,136,1729,116,1411,187,1036,196,1118,180,508,390,1468,139
15000,697,264,709,231,1209,194,1467,124,1823,136,1714,89,1576,95,1003,180,1882,148,1535,138,1740,118,1417,184,1067,193,1164,166,518,387,1476,149
15300,691,249,768,230,1231,189,1495,127,1783,136,1792,106,1638,90,1014,177,1888,143,1629,129,1790,115,1448,185,1118,179,1174,159,503,403,1498,165
15600,690,236,805,233,1238,199,1517,136,1732,130,1811,106,1705,87,1034,168,1883,139,1686,121,1837,118,1446,183,1148,177,1196,152,503,421,1489,172
15900,693,223,830,224,1230,193,1554,137,1735,127,1830,110,1738,105,1027,156,1874,138,1668,120,1853,125,1469,166,1183,178,1197,142,467,425,1512,177
16200,718,214,848,218,1231,182,1557,129,1757,126,1855,117,1789,108,1053,143,1850,143,1715,114,1913,126,1491,158,1240,192,1208,138,454,438,1493,179
16500,773,222,866,214,1201,164,1604,120,1782,133,1893,125,1826,116,1132,149,1870,132,1789,111,1963,117,1547,153,1300,203,1266,132,471,443,1486,176
16800,805,236,889,210,1201,157,1670,124,1806,152,1923,128,1836,115,1166,155,1877,122,1837,111,1933,103,1562,154,1328,224,1320,126,480,441,1516,177
17100,849,229,882,200,1209,144,1682,126,1833,154,1975,122,1885,107,1187,159,1905,112,1877,110,1952,103,1555,159,1341,227,1396,127,475,450,1572,170
17400,895,229,912,194,1221,150,1734,141,1847,147,2004,118,1926,122,1213,157,1953,105,1871,102,1987,103,1527,164,1354,224,1443,124,462,438,1532,163
17700,900,224,894,209,1272,157,1753,159,1847,144,2025,112,1959,136,1245,158,1988,107,1914,93,2024,95,1536,164,1360,210,1467,125,462,428,1501,157
18000,922,228,907,247,1294,153,1770,175,1898,132,2027,103,2011,142,1263,158,2015,103,1951,87,2068,89,1504,172,1345,201,1488,130,440,466,1487,147
18300,949,222,920,263,1366,165,1764,190,1903,124,2016,112,2004,146,1268,164,2029,95,2013,76,2107,91,1507,186,1336,207,1496,125,424,507,1499,148
18600,936,211,899,269,1401,166,1744,187,1899,122,2030,124,1982,135,1286,169,2030,97,2081,82,2143,97,1469,169,1289,209,1495,111,406,536,1492,149
18900,923,205,881,267,1389,156,1667,179,1913,113,2041,127,1980,135,1260,185,2062,95,2109,92,2162,95,1454,161,1247,199,1535,102,395,558,1486,138
19200,937,199,894,253,1354,161,1588,178,1937,103,2026,142,1990,127,1256,201,2083,100,2128,102,2174,93,1443,163,1235,187,1576,100,372,557,1423,133
19500,971,209,860,258,1326,160,1539,176,1950,106,2002,131,1944,127,1247,203,2028,120,2118,119,2174,101,1408,167,1180,182,1601,107,345,579,1387,144
19800,963,207,830,271,1304,155,1437,165,1975,105,1965,125,1917,118,1203,208,1965,128,2083,122,2200,99,1403,165,1157,188,1618,102,331,613,1375,147
20100,961,203,795,285,1306,156,1383,162,1947,105,1987,113,1898,129,1176,208,1989,141,2032,137,2145,108,1363,160,1131,221,1631,106,325,657,1363,156
20400,973,192,763,295,1255,174,1367,159,1958,108,1965,104,1886,145,1121,203,1959,151,2009,162,2099,121,1319,159,1123,243,1677,124,311,687,1330,148
20700,935,175,735,303,1253,178,1329,155,1969,99,1949,101,1852,155,1091,192,1907,159,1962,156,2042,135,1341,160,1091,256,1683,140,295,686,1295,145
21000,903,169,713,343,1209,192,1288,150,1964,90,1963,110,1786,159,1074,193,1868,178,1903,151,2044,144,1342,158,1054,245,1654,158,301,693,1299,136
21300,897,179,698,354,1178,211,1245,140,1956,88,1930,104,1737,153,1041,194,1806,179,1832,151,2012,140,1329,172,1022,245,1629,173,297,712,1309,132
21600,866,199,658,356,1144,214,1238,136,1945,87,1882,105,1697,153,995,186,1738,178,1756,137,1939,130,1288,172,970,268,1612,172,269,733,1289,128
21900,826,227,625,344,1113,211,1233,140,1923,91,1867,102,1623,156,982,174,1641,176,1668,133,1896,121,1221,163,915,258,1550,177,255,745,1264,122
22200,772,236,599,325,1075,210,1207,137,1908,94,1835,103,1552,158,963,183,1579,175,1611,136,1893,122,1192,161,856,253,1490,165,237,756,1254,120
22500,750,241,578,317,1031,224,1178,133,1923,105,1869,105,1495,160,942,188,1517,181,1578,143,1847,120,1153,172,797,266,1427,165,224,779,1267,123
22800,712,239,564,327,999,251,1158,152,1945,105,1862,114,1456,156,935,226,1446,182,1525,145,1776,119,1105,176,750,297,1362,162,220,793,1294,127
23100,702,236,564,340,953,270,1135,181,1916,97,1818,119,1426,158,928,256,1342,177,1513,139,1726,134,1041,175,728,344,1296,151,210,838,1290,132
23400,715,258,549,374,898,285,1144,187,1890,98,1794,107,1371,169,933,275,1287,175,1528,128,1706,149,996,160,696,353,1262,156,188,867,1321,135
23700,708,279,543,406,869,311,1149,198,1886,105,1850,97,1319,179,918,295,1237,157,1535,122,1720,169,997,159,668,359,1262,171,172,869,1334,129
24000,727,281,509,419,850,340,1157,193,1892,111,1922,94,1286,184,893,313,1245,161,1568,119,1709,182,999,177,625,372,1267,193,160,879,1400,135
24300,717,283,481,440,826,373,1139,184,1884,131,1963,99,1231,207,865,314,1258,175,1585,131,1674,187,989,189,578,375,1249,192,150,867,1429,150
24600,724,288,456,467,781,384,1138,194,1885,148,2019,101,1197,229,816,305,1262,190,1553,135,1650,182,998,186,553,376,1219,192,146,838,1465,163
24900,721,305,442,514,749,388,1093,204,1845,158,2038,102,1192,232,797,316,1241,190,1547,129,1634,172,1018,198,531,395,1154,194,149,843,1517,161
25200,706,320,422,545,728,395,1057,223,1807,178,2071,91,1150,239,769,319,1228,200,1557,127,1624,179,1022,205,499,413,1108,195,149,851,1526,180
25500,655,321,391,594,688,392,1001,233,1780,171,2067,88,1106,256,746,341,1229,224,1548,128,1560,182,1010,230,474,415,1066,185,144,894,1493,191
25800,655,360,351,619,668,396,975,246,1720,154,2117,89,1083,264,713,377,1192,234,1579,119,1500,191,1069,235,447,426,1044,184,136,914,1432,188
26100,639,387,333,632,643,392,973,253,1650,144,2215,97,1027,284,678,388,1149,238,1618,123,1430,216,1112,255,426,431,1039,184,130,918,1396,185
26400,635,397,311,686,605,392,956,257,1623,136,2315,109,1031,283,645,407,1118,243,1662,144,1383,236,1098,268,424,459,1055,196,115,921,1385,193
26700,605,377,300,732,593,407,943,261,1621,147,2354,130,1018,270,606,446,1060,251,1743,165,1342,251,1115,276,414,484,1094,214,105,916,1408,211
27000,624,386,294,757,589,433,949,263,1622,148,2388,126,1008,265,583,490,1031,252,1812,175,1291,261,1114,273,396,515,1165,243,95,935,1405,219
27300,622,371,293,748,566,452,966,279,1608,155,2356,137,999,265,577,489,1036,250,1806,168,1240,273,1069,256,389,557,1188,252,92,923,1377,230
27600,602,378,302,741,552,482,968,300,1588,156,2335,135,968,279,574,507,1050,257,1791,160,1222,278,1056,268,370,610,1166,248,90,927,1348,229
27900,587,413,295,765,570,493,959,305,1601,150,2322,142,969,262,574,513,1034,263,1769,141,1173,279,1053,291,364,693,1157,248,90,935,1325,230
28200,566,419,267,803,571,484,922,302,1585,136,2292,145,939,273,554,526,1012,266,1744,142,1135,280,1002,299,352,753,1162,260,93,916,1266,233
28500,547,438,241,822,563,484,897,310,1630,139,2288,140,916,262,538,525,1008,275,1769,151,1119,277,984,298,346,805,1173,272,99,941,1243,248
28800,531,440,234,842,544,503,872,315,1635,132,2277,146,923,250,513,545,1066,286,1830,146,1127,274,950,295,336,831,1143,271,102,982,1186,267
29100,507,468,237,834,529,533,861,337,1646,128,2245,134,933,257,504,551,1107,292,1856,150,1142,253,946,306,309,836,1170,265,96,1014,1168,273
29400,508,499,222,845,510,571,859,340,1711,118,2239,132,963,279,502,547,1134,307,1843,145,1153,257,969,331,287,875,1206,263,100,1037,1146,272
29700,502,507,206,850,510,558,883,345,1806,109,2228,124,956,282,492,528,1136,318,1862,137,1190,236,971,345,281,885,1243,254,106,1071,1186,271
30000,500,528,199,837,524,555,893,361,1883,118,2185,117,959,292,484,556,1185,329,1906,131,1219,225,985,340,284,881,1257,260,112,1078,1200,268
30300,493,525,187,842,539,555,892,363,1939,125,2207,112,998,304,454,575,1170,338,1971,128,1233,220,997,336,307,895,1269,265,125,1059,1214,263
30600,491,519,193,840,549,572,870,346,2012,128,2242,128,1056,305,451,583,1157,331,2009,117,1264,211,1011,334,316,911,1276,258,128,1032,1240,257
30900,492,536,194,872,558,588,853,337,2051,132,2297,130,1068,299,446,567,1137,340,2077,110,1288,207,1023,331,299,893,1299,251,132,1027,1262,254
31200,497,523,201,888,539,596,856,327,2096,149,2302,134,1088,289,443,557,1138,331,2142,112,1339,199,1011,326,285,864,1326,251,136,1027,1287,257
31500,480,522,206,928,523,602,898,337,2129,152,2330,132,1120,266,442,559,1119,337,2172,110,1431,179,1025,316,281,856,1370,247,129,1044,1308,261
31800,495,513,209,933,492,608,925,338,2180,155,2391,123,1151,252,460,556,1118,335,2255,116,1505,164,1063,293,271,851,1410,254,123,1056,1335,259
32100,523,527,204,916,465,645,923,343,2252,150,2459,118,1188,262,469,559,1086,340,2323,119,1563,156,1092,278,251,847,1419,256,111,1063,1370,261
32400,546,523,205,897,446,663,951,325,2238,137,2519,114,1247,274,468,531,1097,330,2437,110,1612,149,1114,272,229,842,1388,255,113,1039,1417,253
32700,542,515,209,895,430,656,970,335,2221,134,2500,105,1257,262,475,526,1071,320,2457,105,1700,148,1118,275,215,862,1404,239,119,1028,1455,264
33000,531,506,217,902,414,633,1024,326,2267,126,2545,114,1276,244,489,528,1048,313,2493,102,1843,153,1169,264,202,873,1404,223,124,1004,1480,261
33300,524,495,227,909,410,637,1031,333,2300,113,2578,114,1290,227,509,502,1032,308,2515,93,1915,155,1184,249,190,889,1414,217,141,999,1495,257
33600,520,469,227,927,404,640,1040,347,2327,107,2589,114,1305,231,528,496,1080,312,2567,98,1963,158,1214,226,181,914,1440,201,157,983,1500,239
33900,504,437,220,921,411,642,1072,357,2403,107,2555,121,1331,227,545,481,1088,303,2625,91,1994,168,1239,212,182,934,1468,191,157,977,1514,222
34200,502,429,217,930,408,639,1094,363,2460,101,2596,114,1333,235,548,464,1082,288,2647,95,2084,177,1294,214,182,933,1469,196,163,972,1568,199
34500,509,418,243,943,433,638,1094,359,2526,97,2614,108,1355,228,584,455,1125,280,2678,98,2154,176,1400,218,178,936,1518,187,159,971,1573,194
34800,531,395,238,935,460,657,1097,355,2582,104,2621,106,1394,224,598,446,1159,262,2696,102,2217,175,1486,222,175,954,1540,186,159,989,1602,179
35100,550,383,230,919,467,650,1100,331,2622,111,2607,99,1409,217,627,423,1202,254,2674,101,2228,169,1532,220,181,1010,1604,189,162,1008,1625,165
35400,575,387,226,918,492,667,1145,327,2647,110,2590,93,1445,209,654,386,1259,243,2656,114,2277,167,1602,220,188,1019,1661,173,168,1042,1693,155
35700,628,388,227,924,478,648,1159,313,2700,104,2565,84,1459,195,671,377,1337,238,2667,112,2279,167,1667,247,186,1001,1724,161,162,1045,1747,151
36000,693,370,232,940,470,635,1182,309,2771,95,2541,82,1460,174,714,392,1407,237,2635,112,2257,175,1707,265,191,995,1790,157,169,1098,1751,155
36300,717,366,239,969,484,618,1212,298,2844,93,2509,82,1484,161,734,410,1487,236,2605,122,2274,179,1750,283,196,1013,1808,143,162,1127,1784,144
36600,718,350,231,1023,509,592,1214,295,2853,87,2550,93,1518,148,739,411,1553,236,2548,137,2242,165,1715,290,198,1014,1815,131,163,1127,1855,138
36900,754,332,221,1042,509,562,1204,287,2863,78,2599,104,1581,143,757,402,1587,225,2504,140,2198,164,1663,271,188,997,1831,132,167,1170,1858,128
37200,784,322,214,1056,534,530,1194,286,2858,69,2682,106,1678,137,784,413,1612,222,2496,136,2110,154,1645,256,181,984,1885,121,172,1147,1915,125
37500,838,309,218,1047,540,513,1206,292,2970,58,2700,107,1734,143,801,406,1640,202,2501,127,2065,144,1633,247,180,949,1882,114,167,1107,1938,120
37800,884,296,213,1078,547,518,1183,286,3017,58,2697,106,1782,143,806,423,1620,201,2501,120,2080,129,1618,231,176,919,1937,106,164,1076,1997,127
38100,918,304,193,1087,537,499,1191,269,3006,76,2729,98,1812,130,789,429,1629,186,2477,111,2057,121,1608,230,172,877,2056,102,167,1055,2047,113
38400,935,329,186,1083,524,485,1203,252,2988,92,2724,99,1844,123,764,439,1639,182,2457,107,2119,112,1619,228,175,882,2178,103,162,1053,2089,107
38700,891,344,172,1086,526,480,1232,248,2993,95,2756,95,1901,117,744,434,1689,174,2414,101,2198,117,1609,220,165,934,2241,98,150,1050,2099,108
39000,857,352,156,1091,511,479,1227,234,3014,108,2717,101,1956,133,741,424,1760,173,2415,99,2215,109,1574,213,164,933,2293,98,145,1078,2127,92
39300,826,335,144,1065,482,484,1210,235,3044,116,2690,110,2010,139,740,404,1795,172,2433,114,2307,97,1546,206,173,916,2396,94,141,1076,2160,90
39600,817,322,139,1079,456,484,1220,222,2980,123,2653,112,2064,136,725,392,1773,156,2436,129,2297,92,1522,216,167,897,2458,89,132,1073,2184,87
39900,798,301,130,1101,438,497,1226,214,2942,119,2581,110,2023,131,710,376,1767,155,2409,139,2264,86,1491,221,183,871,2490,80,132,1058,2195,86
40200,789,282,133,1100,432,467,1212,202,2925,119,2542,101,1980,129,690,340,1755,159,2389,131,2266,90,1446,208,176,875,2533,76,128,1050,2137,77
40500,798,278,137,1075,420,479,1169,204,2863,114,2560,99,1893,138,681,348,1798,173,2363,132,2329,101,1439,211,177,902,2585,83,137,1064,2102,71
40800,813,266,139,1094,416,485,1200,187,2867,107,2612,104,1860,131,666,351,1804,180,2312,124,2392,92,1422,222,153,912,2627,72,147,1046,2101,66
41100,816,254,152,1133,426,481,1229,169,2855,97,2595,103,1836,125,646,334,1770,180,2214,120,2389,104,1432,212,137,932,2626,77,157,1031,2090,67
41400,794,245,161,1128,429,469,1259,168,2813,89,2586,103,1829,116,628,325,1773,177,2213,108,2403,101,1450,192,135,938,2596,68,158,1046,2147,66
41700,762,244,157,1167,419,489,1296,169,2755,85,2571,110,1843,105,631,326,1761,169,2193,106,2382,114,1431,185,136,939,2592,65,181,1064,2180,75
42000,767,231,157,1178,405,493,1310,162,2745,87,2515,112,1876,102,644,338,1726,160,2181,110,2386,129,1437,182,126,930,2668,79,180,1057,2233,87
42300,792,244,156,1160,390,501,1282,157,2736,82,2490,110,1891,96,632,345,1694,150,2185,109,2347,134,1436,186,122,932,2672,86,170,1102,2264,99
42600,815,257,152,1167,370,528,1285,151,2731,83,2473,109,1973,102,612,343,1740,156,2192,104,2310,128,1407,192,119,944,2636,88,158,1125,2326,105
42900,820,259,136,1201,351,518,1301,151,2751,82,2446,101,2014,107,612,366,1761,155,2241,105,2282,118,1363,189,110,970,2638,85,156,1114,2336,107
43200,823,263,122,1222,330,551,1321,155,2770,80,2406,107,2049,104,611,373,1814,162,2290,126,2257,110,1331,192,107,979,2642,83,142,1082,2352,101
43500,803,273,111,1231,321,557,1351,157,2742,72,2352,127,2041,97,623,374,1806,164,2336,126,2287,116,1364,193,121,1014,2612,82,132,1045,2382,93
43800,794,277,109,1215,297,603,1381,152,2736,67,2312,121,2007,91,605,368,1769,158,2347,123,2301,118,1388,179,118,1012,2582,74,123,998,2342,91
44100,749,311,106,1211,279,627,1435,152,2803,65,2244,118,1967,89,580,357,1730,146,2344,131,2408,124,1413,184,106,999,2562,70,120,957,2322,101
44400,734,327,106,1235,260,674,1432,156,2870,61,2193,112,1971,90,567,362,1761,142,2366,136,2403,129,1433,185,100,1015,2586,73,116,933,2315,107
44700,729,335,101,1238,244,705,1453,165,2900,56,2153,107,1974,88,554,368,1774,140,2385,135,2363,142,1429,178,96,1019,2594,75,120,929,2309,103
45000,726,340,97,1235,231,784,1474,169,2926,55,2168,103,2054,99,524,389,1781,140,2410,138,2350,142,1431,166,84,1002,2655,77,141,936,2299,105
45300,733,355,102,1192,223,831,1487,172,2944,54,2184,106,2109,96,499,422,1789,169,2469,143,2333,152,1442,155,75,977,2688,72,134,907,2288,117
45600,721,396,93,1169,216,865,1436,167,2981,54,2191,100,2178,96,487,441,1795,178,2471,143,2281,147,1470,152,68,952,2690,69,132,907,2298,110
45900,715,412,89,1155,218,874,1448,163,3036,61,2202,105,2202,90,486,460,1752,187,2432,141,2248,136,1499,141,78,942,2746,71,133,919,2267,102
46200,706,420,79,1138,204,893,1445,161,3079,67,2181,121,2255,90,476,479,1725,214,2409,133,2263,127,1565,129,76,914,2788,63,137,913,2276,97
46500,681,431,79,1116,186,923,1522,157,3098,73,2166,122,2291,86,483,471,1687,208,2403,116,2253,125,1576,121,101,898,2854,73,131,914,2302,96
46800,642,420,92,1090,174,933,1565,156,3114,74,2119,122,2275,80,470,487,1627,213,2402,105,2237,121,1596,115,99,944,2855,72,130,965,2309,113
47100,648,425,97,1059,165,925,1584,157,3092,73,2085,122,2277,76,466,498,1601,219,2371,109,2200,123,1642,119,94,930,2846,80,120,975,2339,124
47400,653,452,108,1033,151,920,1613,153,3053,71,2071,131,2285,77,456,492,1554,223,2334,115,2254,129,1680,113,93,944,2856,89,116,988,2389,133
47700,631,448,121,1053,145,916,1676,145,3032,72,2088,139,2367,80,458,515,1542,218,2337,130,2276,129,1702,104,92,959,2853,101,113,1005,2460,130
48000,630,427,126,1076,138,945,1710,137,3014,76,2133,144,2325,77,453,534,1542,221,2373,128,2289,125,1790,89,92,972,2871,104,111,1008,2479,139
48300,638,422,123,1113,140,920,1762,131,2931,79,2131,140,2328,75,458,540,1551,202,2391,121,2294,117,1885,79,92,948,2846,113,111,1017,2479,136
48600,643,402,119,1136,141,905,1817,121,2881,86,2117,133,2385,71,435,546,1542,192,2444,117,2326,107,1943,82,101,949,2827,117,104,1018,2492,133
48900,649,370,111,1147,135,916,1849,110,2886,84,2155,119,2456,63,426,551,1543,181,2480,115,2284,100,2063,82,96,945,2821,115,103,1016,2506,133
49200,672,366,105,1141,128,929,1905,103,2916,74,2162,111,2484,57,424,541,1545,173,2476,116,2301,92,2151,75,103,968,2807,112,115,1016,2480,129
49500,676,377,103,1138,131,954,1996,97,2879,69,2169,105,2535,54,430,530,1585,189,2533,107,2342,93,2223,70,112,991,2774,109,112,1003,2466,118
49800,714,384,117,1132,124,942,2022,98,2866,66,2238,103,2559,52,461,537,1597,186,2565,103,2387,90,2331,65,111,969,2784,100,110,994,2500,110
50100,732,357,127,1115,114,929,2046,89,2881,62,2328,98,2596,64,455,527,1598,178,2597,91,2436,94,2356,64,108,963,2777,91,108,989,2540,102
50400,751,339,129,1110,113,921,2134,82,2964,54,2422,96,2612,84,464,534,1648,161,2622,84,2477,94,2401,68,99,914,2758,84,104,998,2567,94
50700,775,346,114,1073,118,927,2223,81,2988,50,2460,97,2649,90,481,538,1697,148,2622,76,2498,90,2382,69,98,891,2745,89,98,1010,2588,84
51000,785,354,110,1071,125,916,2226,83,3030,46,2532,96,2634,100,489,538,1736,142,2668,66,2514,82,2405,74,104,916,2745,88,90,1005,2634,82
51300,782,359,108,1078,128,922,2216,91,3029,48,2576,108,2584,101,464,547,1739,142,2720,67,2484,75,2373,75,103,945,2732,100,85,1001,2629,76
51600,766,371,116,1089,133,915,2260,99,2982,52,2615,117,2598,113,454,538,1753,133,2739,68,2461,82,2387,69,106,953,2737,113,79,994,2637,72
51900,773,383,131,1078,130,910,2288,96,3014,55,2606,108,2603,114,449,559,1773,124,2732,65,2518,84,2430,69,107,984,2745,107,81,993,2679,79
52200,782,389,132,1060,120,928,2312,110,3016,53,2620,109,2610,114,446,574,1825,125,2712,65,2531,98,2435,85,107,1015,2703,112,81,996,2734,85
52500,779,385,127,1056,126,946,2299,131,3031,60,2606,115,2659,109,441,572,1898,135,2733,64,2548,87,2474,80,97,993,2672,120,83,1013,2757,92
52800,770,374,145,1010,129,958,2275,157,2953,72,2662,125,2668,104,437,582,1948,132,2823,63,2519,83,2487,75,95,1002,2654,118,80,1023,2771,97
53100,759,381,157,1040,124,984,2295,167,2969,73,2721,120,2629,100,444,582,1954,137,2901,61,2515,73,2513,70,104,1003,2622,114,74,1001,2792,102
53400,744,367,163,1067,110,996,2315,179,3009,68,2684,110,2602,92,466,588,1983,144,2957,68,2569,79,2539,68,97,961,2558,115,74,997,2812,102
53700,765,390,174,1059,110,995,2252,177,2977,63,2671,101,2620,91,469,581,2005,149,3015,66,2613,81,2558,67,101,958,2489,112,67,994,2824,98
54000,752,388,176,1075,103,1004,2197,172,2987,72,2666,97,2629,93,455,568,2068,145,3052,58,2690,74,2557,59,105,966,2446,109,62,1009,2810,93
54300,721,394,171,1076,99,1020,2195,173,2975,80,2639,93,2624,102,461,599,2059,146,3075,64,2734,74,2622,62,111,978,2459,102,58,1016,2783,90
54600,683,420,164,1117,95,1027,2144,169,2945,80,2581,82,2607,101,478,614,2039,134,3087,69,2746,74,2696,62,106,955,2467,95,53,1050,2784,81
54900,635,429,156,1113,89,998,2133,169,2944,79,2572,80,2601,108,471,609,2019,125,3121,63,2776,87,2745,71,108,953,2460,108,54,1035,2827,79
55200,607,449,148,1079,89,965,2098,157,3032,81,2588,82,2571,113,480,592,2045,119,3168,58,2794,86,2747,75,119,985,2463,116,51,1059,2850,74
55500,577,465,139,1053,84,970,2063,148,3073,75,2592,77,2610,116,479,558,2077,119,3193,54,2846,76,2800,84,117,988,2487,134,49,1058,2854,75
55800,583,460,137,1055,87,970,2035,144,3138,84,2621,75,2619,110,480,545,2094,119,3169,48,2840,82,2804,80,127,1020,2517,132,50,1075,2814,78
56100,591,451,125,1064,84,999,2008,136,3147,81,2664,80,2658,100,506,532,2117,123,3195,45,2856,80,2905,85,120,1022,2511,130,54,1062,2845,77
56400,612,447,117,1081,86,994,1977,126,3157,72,2690,79,2649,97,501,529,2131,123,3160,40,2888,85,2947,87,129,1024,2484,129,54,1023,2815,68
56700,625,444,116,1078,84,969,1978,121,3183,66,2760,80,2660,97,493,533,2151,118,3178,35,2953,80,2912,81,135,997,2539,132,77,1035,2858,60
57000,612,430,122,1098,84,957,2010,113,3233,66,2872,77,2626,91,482,511,2235,119,3258,33,3041,79,2881,72,138,976,2576,128,82,1031,2947,63
57300,638,432,110,1113,114,987,2066,115,3231,65,2968,71,2652,81,483,510,2315,107,3263,41,3116,75,2923,62,137,963,2611,119,85,1049,2985,60
57600,650,440,97,1139,121,978,2084,110,3221,61,3002,65,2693,85,484,503,2265,102,3251,40,3171,71,2924,59,135,959,2587,108,111,1082,3020,60
57900,671,411,93,1166,135,984,2132,99,3226,58,3078,65,2694,87,500,500,2210,100,3332,37,3133,65,2996,56,158,929,2601,109,118,1058,3013,58
58200,678,415,87,1146,146,977,2148,94,3284,54,3134,72,2719,81,506,506,2218,94,3358,31,3196,67,3025,53,160,887,2593,117,124,1062,2976,59
58500,664,400,86,1120,156,982,2203,98,3316,54,3192,65,2694,81,505,522,2243,84,3479,32,3182,62,3004,56,150,863,2636,119,120,1017,2937,56
58800,654,383,97,1141,154,972,2235,100,3308,50,3267,58,2702,83,498,515,2246,75,3441,33,3173,57,3034,60,143,858,2610,115,118,967,3006,60
59100,649,373,102,1118,158,991,2216,103,3324,45,3317,51,2754,87,487,492,2261,71,3399,42,3199,51,3087,61,145,880,2610,115,116,940,3120,65
59400,672,377,96,1077,153,998,2229,101,3294,43,3335,53,2787,100,467,495,2318,70,3408,48,3268,47,3102,53,143,902,2629,118,117,919,3245,80
59700,681,392,88,1088,157,998,2298,99,3327,50,3286,52,2834,97,483,498,2361,71,3425,53,3245,43,3158,50,149,889,2685,111,126,909,3232,91
60000,687,397,110,1059,156,1038,2326,98,3340,57,3198,53,2908,90,487,479,2364,85,3440,52,3239,37,3154,55,160,870,2694,107,130,893,3236,83
60300,697,382,125,1055,149,1024,2393,97,3328,56,3174,51,2934,82,500,484,2344,94,3430,45,3182,43,3162,59,152,876,2730,96,156,864,3247,78
60600,682,373,149,1055,145,986,2462,91,3363,48,3168,49,2962,77,536,474,2325,96,3440,44,3199,39,3198,55,144,876,2719,90,148,861,3177,68
60900,704,368,159,1062,140,990,2463,86,3313,48,3185,46,2946,86,552,447,2317,97,3481,40,3234,39,3257,53,154,865,2689,86,164,850,3179,66
61200,691,355,163,1077,141,1022,2495,82,3272,46,3217,43,2986,97,571,424,2261,100,3559,37,3280,39,3315,47,158,859,2634,87,179,845,3187,75
61500,697,351,175,1091,142,1031,2552,81,3235,42,3265,47,2979,92,607,387,2277,96,3531,36,3274,37,3313,43,142,866,2628,90,194,846,3204,71
61800,716,343,179,1098,147,1017,2611,87,3217,40,3321,56,2950,88,651,360,2277,86,3580,34,3280,34,3317,38,143,882,2595,88,207,834,3192,72
62100,723,346,193,1117,145,994,2673,90,3208,33,3363,52,2952,79,674,340,2359,77,3539,32,3209,31,3313,35,138,887,2583,87,211,816,3100,77
62400,734,333,211,1122,145,981,2717,84,3228,28,3377,44,2944,72,713,348,2400,69,3485,36,3219,29,3293,33,148,889,2560,85,213,791,3097,80
62700,727,308,205,1122,146,953,2757,86,3217,28,3469,42,2925,66,773,364,2481,71,3456,42,3226,35,3271,38,164,906,2536,94,207,774,3026,96
63000,738,298,191,1122,157,915,2747,87,3241,24,3486,42,2870,68,818,372,2587,68,3480,47,3231,41,3324,40,170,900,2544,106,206,739,2962,96
63300,745,291,182,1073,153,908,2719,90,3260,24,3463,48,2936,69,805,362,2594,68,3600,53,3196,59,3319,43,170,894,2505,113,200,716,2941,96
63600,776,299,190,1054,145,903,2688,102,3307,27,3469,45,2955,61,792,349,2608,61,3622,58,3146,62,3332,51,167,912,2516,118,192,740,2954,94
63900,819,312,183,1023,141,881,2673,109,3370,26,3445,47,2993,62,790,338,2579,55,3540,57,3131,76,3335,55,163,924,2503,123,187,767,2913,93
64200,875,307,181,1034,137,873,2686,106,3414,21,3483,44,3015,65,789,321,2659,54,3514,57,3115,77,3373,53,170,912,2537,109,183,794,2909,97
64500,908,321,182,996,133,853,2702,100,3425,21,3570,40,3039,71,786,313,2732,57,3472,58,3126,80,3373,66,159,892,2545,99,195,790,2897,96
64800,962,321,177,998,131,858,2620,99,3426,22,3603,41,3063,81,790,305,2821,56,3489,56,3091,89,3345,75,145,856,2543,98,191,793,2900,98
65100,957,325,178,1002,119,850,2530,96,3376,23,3616,44,3036,88,768,287,2854,56,3513,53,3106,87,3344,84,148,863,2552,102,193,782,2876,101
65400,940,322,182,1048,108,853,2504,96,3358,24,3653,46,3035,84,752,270,2906,58,3481,47,3111,86,3377,88,162,866,2587,106,196,803,2878,94
65700,918,317,176,1069,104,873,2481,103,3385,34,3668,45,3053,80,743,263,3037,56,3431,49,3135,83,3383,101,169,873,2626,112,194,826,2926,86
66000,914,319,172,1090,98,896,2508,101,3375,38,3621,56,3042,75,772,246,3133,55,3411,49,3105,79,3315,116,163,892,2668,102,195,849,2934,91
66300,895,295,161,1124,91,919,2565,92,3358,40,3568,67,3017,74,783,249,3140,53,3360,55,3058,80,3221,128,161,876,2677,96,178,829,2943,92
66600,878,291,158,1123,80,916,2572,89,3375,45,3567,66,3054,73,815,253,3130,57,3343,50,3027,76,3158,127,153,880,2654,91,167,818,2924,92
66900,887,277,161,1117,86,943,2508,92,3380,52,3488,73,3047,68,851,268,3087,54,3275,46,3027,68,3054,125,145,911,2608,90,166,816,2944,89
67200,910,271,161,1103,101,946,2456,102,3383,62,3368,74,3071,63,871,264,3013,56,3205,39,3025,64,2958,122,141,913,2589,93,172,835,2929,86
67500,883,278,148,1075,104,949,2395,100,3426,69,3246,73,3048,51,893,267,2992,52,3163,42,3009,59,2856,118,140,891,2585,93,184,856,2919,77
67800,864,278,140,1039,106,963,2356,96,3415,63,3142,72,2994,48,897,265,2995,54,3156,50,2982,57,2803,116,147,883,2588,88,213,852,2919,74
68100,875,292,135,999,105,978,2373,91,3372,60,3064,75,2990,47,894,254,2959,52,3086,52,2947,58,2729,109,140,842,2558,83,203,843,2919,72
68400,862,296,135,980,97,997,2360,79,3367,52,2960,77,3024,43,881,237,2924,49,3068,56,2946,71,2710,102,131,807,2555,80,190,827,2949,75
68700,835,291,141,986,96,1001,2340,76,3407,49,2923,76,3112,39,880,231,2900,50,3060,58,2903,78,2709,107,119,792,2539,73,175,867,2948,68
69000,839,275,141,964,88,991,2357,76,3395,48,2843,70,3054,43,913,231,2893,47,3074,63,2866,89,2664,101,108,761,2545,73,164,865,2880,63
69300,821,271,136,917,94,978,2365,77,3347,59,2797,65,3043,57,939,224,2890,49,3079,83,2824,86,2613,98,119,748,2548,79,147,864,2828,62
69600,798,261,135,887,88,993,2434,80,3344,49,2757,63,3039,70,890,250,2881,55,3079,80,2732,89,2527,90,115,740,2546,77,140,852,2811,66
69900,790,263,136,876,81,1006,2446,86,3312,59,2724,56,3089,79,875,273,2867,58,3068,79,2702,90,2506,82,122,734,2504,87,133,867,2827,68
70200,792,242,149,848,71,1024,2470,81,3314,61,2748,58,3126,77,860,276,2906,70,2997,72,2673,88,2458,87,116,754,2424,99,120,882,2847,63
70500,789,234,156,835,67,1037,2478,77,3262,56,2800,64,3076,83,841,279,2915,69,2999,69,2715,94,2384,79,105,791,2370,108,111,881,2878,64
70800,829,231,141,840,61,1084,2485,72,3203,55,2787,68,3044,88,806,285,2954,67,2989,63,2671,86,2341,72,101,830,2325,109,114,935,2835,77
71100,838,243,127,857,62,1079,2497,74,3155,47,2809,76,3029,80,775,300,2950,68,2914,59,2707,72,2357,62,96,883,2263,110,112,965,2879,76
71400,855,244,120,877,68,1088,2513,73,3214,52,2844,76,2973,75,752,308,2985,69,2929,55,2703,66,2399,58,92,923,2223,105,113,983,2812,74
71700,889,246,108,916,71,1049,2437,69,3231,61,2885,73,2960,80,716,320,2954,64,2947,43,2696,61,2481,56,82,953,2206,97,120,998,2787,70
72000,883,250,107,908,75,1068,2389,80,3203,58,2884,69,2924,82,706,331,2931,65,3024,46,2693,57,2572,55,75,951,2174,92,125,1010,2785,79
72300,917,260,120,919,83,1088,2381,92,3195,50,2912,67,2874,79,704,332,2904,69,3095,49,2679,52,2646,59,72,944,2149,89,121,1005,2784,81
72600,911,284,116,931,88,1071,2352,99,3213,60,2941,63,2829,72,704,325,2998,71,3060,52,2750,50,2728,56,71,931,2149,85,117,987,2730,84
72900,906,281,114,942,85,1049,2373,109,3174,67,2971,69,2794,71,689,323,3109,68,3134,46,2778,47,2731,65,70,949,2180,87,115,965,2662,80
73200,912,278,109,902,79,1045,2379,112,3127,66,2997,69,2733,76,691,334,3104,61,3203,43,2810,45,2819,72,70,991,2234,82,109,963,2668,80
73500,893,260,101,921,88,1029,2377,131,3079,74,2964,67,2742,87,668,383,3127,54,3223,44,2812,42,2857,71,66,1014,2234,77,98,948,2716,81
73800,857,248,90,923,101,1027,2325,155,2989,76,2925,61,2690,91,624,413,3131,53,3246,48,2850,42,2883,75,60,1049,2281,67,90,975,2724,81
74100,847,244,82,947,97,1015,2257,163,2912,78,2863,59,2639,90,606,427,3186,54,3233,50,2912,43,2894,77,58,1063,2342,65,92,1011,2760,83
74400,866,256,75,963,82,1028,2121,168,2865,78,2863,59,2611,89,599,460,3214,59,3248,55,3008,44,2854,80,54,1073,2330,61,99,1033,2770,93
74700,863,247,65,1013,80,1051,2015,171,2852,77,2865,57,2616,88,571,459,3244,57,3321,59,3094,46,2843,86,52,1040,2403,56,111,1020,2768,93
75000,866,246,70,1060,86,1059,1941,186,2800,80,2835,52,2573,89,541,473,3310,52,3310,59,3068,45,2814,80,53,1039,2482,50,110,1051,2683,84
75300,844,273,67,1090,80,1076,1900,179,2793,76,2803,48,2489,84,517,493,3345,48,3294,63,3062,54,2773,84,56,1047,2565,47,102,1062,2653,85
75600,815,293,63,1083,70,1104,1822,173,2746,74,2762,44,2456,81,491,496,3338,45,3220,68,3101,63,2753,96,62,1028,2621,62,95,1068,2641,86
75900,787,312,62,1079,66,1125,1747,179,2763,79,2722,41,2394,75,462,475,3353,62,3182,69,3064,60,2753,112,58,1011,2669,60,86,1090,2623,87
76200,774,333,63,1077,66,1109,1674,179,2778,98,2762,39,2371,68,456,442,3344,61,3125,81,3027,61,2709,122,58,974,2746,54,82,1119,2594,81
76500,739,341,57,1097,61,1099,1622,177,2735,109,2820,36,2382,61,447,448,3316,65,3070,78,3025,72,2651,119,56,994,2791,51,78,1140,2565,86
76800,709,359,53,1121,56,1099,1577,167,2708,120,2895,33,2448,54,433,460,3301,64,3049,80,3050,90,2569,117,60,994,2815,66,70,1102,2507,90
77100,707,377,54,1099,52,1135,1592,151,2656,121,2874,35,2486,51,435,455,3274,70,3013,96,3023,98,2485,110,58,980,2850,84,64,1068,2504,90
77400,683,401,53,1119,50,1130,1604,151,2630,124,2869,32,2606,45,427,467,3266,69,2963,108,3010,95,2436,106,61,954,2867,101,70,1035,2534,87
77700,656,423,57,1079,53,1137,1586,148,2633,127,2839,30,2747,44,431,487,3276,61,2893,103,2982,97,2435,118,62,939,2829,124,77,1040,2561,100
78000,626,420,64,1071,51,1164,1590,137,2600,131,2861,30,2775,41,437,508,3272,60,2864,104,2951,93,2403,120,60,922,2857,135,79,1011,2605,95
78300,619,442,66,1049,50,1184,1612,135,2573,133,2890,36,2781,37,433,499,3270,60,2849,103,2933,86,2420,132,60,907,2859,146,80,1013,2604,91
78600,600,452,68,1024,44,1208,1653,131,2557,132,2947,37,2840,38,440,499,3347,68,2791,101,2921,78,2432,137,71,916,2795,150,82,1022,2559,90
78900,623,462,69,1005,44,1238,1733,122,2506,127,3005,36,2940,36,430,517,3357,73,2807,99,2920,76,2385,136,65,916,2724,154,92,1021,2595,86
79200,623,456,77,1014,52,1275,1815,121,2511,130,3031,39,2970,38,425,539,3325,72,2853,98,2890,78,2371,131,66,938,2633,141,93,1008,2633,81
79500,611,466,79,1004,61,1286,1901,117,2509,131,3138,42,2992,36,413,545,3334,78,2897,94,2884,76,2342,140,71,946,2581,138,94,1041,2686,80
79800,627,459,89,1007,67,1260,1987,107,2474,126,3171,44,3026,35,387,547,3360,82,2900,88,2880,74,2298,134,70,948,2532,125,101,1044,2723,73
80100,614,463,92,1032,73,1236,2066,106,2432,114,3169,44,3080,36,376,574,3341,92,2905,83,2894,77,2297,135,83,954,2480,107,108,1047,2704,73
80400,605,450,99,1030,71,1191,2110,104,2478,109,3252,47,3137,44,366,579,3261,96,2854,81,2958,78,2267,136,95,971,2477,108,119,1058,2702,71
80700,605,434,100,1000,65,1176,2158,110,2533,99,3310,56,3176,47,352,569,3220,101,2771,82,3008,80,2309,129,93,989,2424,105,124,1050,2722,72
81000,602,420,106,1053,63,1146,2231,110,2535,97,3304,64,3104,50,367,582,3211,110,2801,82,3084,81,2305,132,91,997,2400,103,127,1067,2711,70
81300,591,396,108,1076,70,1140,2317,98,2545,100,3285,82,3071,59,383,608,3244,109,2812,74,3123,81,2337,142,94,1002,2388,105,125,1097,2703,68
81600,584,375,103,1102,75,1137,2385,90,2564,96,3224,98,3052,64,373,600,3279,104,2793,68,3139,74,2333,138,90,1020,2427,107,126,1121,2792,60
81900,575,375,106,1084,81,1166,2494,93,2561,99,3161,130,3075,74,383,605,3273,99,2834,65,3133,75,2354,133,88,1059,2476,98,121,1123,2834,63
82200,563,362,101,1078,83,1171,2530,107,2615,101,3145,117,3105,91,396,600,3271,96,2899,61,3138,74,2423,128,90,1088,2514,91,123,1099,2846,72
82500,591,365,98,1055,77,1171,2539,106,2604,113,3099,106,3145,107,410,604,3314,96,2950,64,3139,76,2463,122,85,1101,2549,89,130,1118,2829,67
82800,609,374,98,1044,76,1153,2521,106,2672,110,3079,99,3133,105,436,580,3373,89,2992,62,3205,75,2471,115,96,1128,2620,84,136,1135,2866,73
83100,613,387,108,1057,83,1141,2552,97,2698,108,3071,99,3073,100,443,548,3368,82,3061,65,3271,74,2519,103,96,1128,2678,77,146,1141,2874,81
83400,619,403,117,1046,88,1141,2641,96,2720,107,3065,100,3047,99,448,543,3389,77,3121,70,3304,71,2551,94,99,1114,2731,77,141,1124,2852,84
83700,611,390,112,1046,99,1146,2699,102,2707,120,3074,101,3024,105,439,569,3324,72,3153,70,3310,70,2605,87,97,1106,2746,81,140,1080,2881,82
84000,618,386,108,1000,90,1124,2736,101,2706,136,3027,100,2973,101,418,584,3312,71,3163,69,3337,66,2675,76,93,1080,2779,83,142,1106,2940,78
84300,597,364,105,943,89,1148,2818,94,2667,140,2971,105,2906,97,439,609,3327,69,3207,72,3316,60,2698,67,93,1067,2757,81,151,1115,2974,74
84600,611,360,111,899,95,1141,2902,87,2707,153,2973,111,2886,89,443,632,3284,61,3242,74,3336,53,2736,62,93,1067,2814,86,168,1115,2976,74
84900,619,353,118,879,106,1126,2963,82,2715,167,2940,110,2885,94,422,636,3221,65,3205,73,3339,50,2787,62,106,1032,2828,89,173,1139,2980,69
85200,665,337,136,853,112,1104,3036,85,2719,169,3005,102,2832,82,399,649,3200,69,3207,70,3345,49,2769,59,115,1045,2811,93,174,1118,3028,65
85500,713,321,142,854,119,1070,3121,91,2687,165,3125,105,2809,79,408,658,3204,59,3211,68,3412,49,2801,59,113,1033,2834,83,174,1080,3046,59
85800,765,309,146,853,117,1042,3130,94,2676,162,3148,111,2747,71,407,648,3211,53,3175,62,3395,52,2879,62,122,1005,2861,84,170,1055,3098,57
86100,850,296,154,865,110,1014,3145,115,2645,158,3126,105,2744,69,410,651,3185,51,3198,60,3442,64,2902,63,140,1019,2907,86,163,1058,3150,51
86400,904,280,155,862,113,1017,3163,117,2637,157,3135,104,2747,70,409,651,3173,51,3204,61,3441,65,2904,61,140,1013,2898,85,163,1065,3151,50
